images,predicted label
data - 20230403_094217-6172f02f-75df-4e7c-b1dd-90271dfef045-cutout.jpg,GTe6s-
data - 20230403_094217-96b2f11d-9f00-434c-a838-1fda4136f7ac-cutout.jpg,WW 8o5
data - 20230403_094217-a33648aa-fda3-40e9-bdf1-f0015b3b129a-cutout.jpg,GTéEZ
data - 20230403_094217-ae807121-7d6a-43b2-8193-7e827b93e2eb-cutout.jpg,Gia63
data - 20230403_094217-bbb7f34d-860e-4d1a-aa1d-ac1e06fba1fd-cutout.jpg,Qi a6ez_
data - 20230403_102104-755ac113-70fa-47cd-b436-696de3b5da44-cutout.jpg,aSO
data - 20230403_102104-bcc8b3af-eb27-470b-8eca-dbf2612c501e-cutout.jpg,SR
data - 20230403_103650-RO602-0785a8dc-6120-473b-bb67-1fb528ff7955-cutout.jpg,~~ ~
data - 20230403_103650-RO602-76e89ef5-7e2e-4361-af21-3aaad4bbd1a6-cutout.jpg,
data - 20230403_103650-RO602-84583524-29d0-4a3c-befe-46a508c47e64-cutout.jpg,Wax
data - 20230403_130932-HW525-c6a2d25a-1615-4688-8f3e-f1f89a2674b2-cutout.jpg,a “_SEG. —_—
data - 20230403_134226-KP369-7a5025b7-c91e-4d88-968e-116b9a37b978-cutout.jpg,AES |
data - 20230403_134226-KP369-86838dbf-3504-4ffe-8416-b5f0994d9cd2-cutout.jpg,WRG
data - 20230403_141503-KP369-7bbea342-eaf6-4564-8b97-7c3b0f0a3354-cutout.jpg,KP369
data - 20230403_141503-KP369-a7748e94-915f-48b6-91d1-8a56f3641129-cutout.jpg,KP369
data - 20230403_141503-KP369-dab617b4-e018-4622-867c-67c2901aac1b-cutout.jpg,KP369
data - 20230403_143637-49bb7052-4ee1-46c1-8598-71dc44524023-cutout.jpg,——See «
data - 20230403_143637-c5473b82-d694-4330-aaa5-3ef405769d9b-cutout.jpg,==i sas
data - 20230403_143637-cc28f804-ed3a-4350-b32e-a5968e702bcb-cutout.jpg,
data - 20230404_094420-277cfdc4-159e-45e3-a587-35f021822823-cutout.jpg,eSgee!i
data - 20230404_094420-bbf5d512-2d23-48b1-a01c-eb9c23abb5ff-cutout.jpg,
data - 20230404_095811-WG839-915d5b40-08f9-43d5-969f-974df75628b0-cutout.jpg,wan
data - 20230404_101000-WG839-d249d93f-46c3-4a95-ba32-7940cb07aa3e-cutout.jpg,WERIY
data - 20230404_101000-WG839-f1755378-0f0d-41a8-9c9d-6ad3d9864ae6-cutout.jpg,
data - 20230404_101000-WG839-f8e12b1d-719e-4dc4-ac24-10d989a68908-cutout.jpg,WE839
data - 20230404_111348-CO281-12a3a74f-b7ca-4dfd-9f6c-0ab39dfcb940-cutout.jpg,—
data - 20230404_111348-CO281-69030554-e6c1-4fd7-a393-0d0b0340dae9-cutout.jpg,EEE
data - 20230404_111348-CO281-a4449c8b-636e-47b6-8a26-7b5ef02a26ea-cutout.jpg,—_—.COLEE
data - 20230404_133514-JK532-213bd499-acc9-4026-b932-234823d0b61a-cutout.jpg,——IK 5 io
data - 20230404_133514-JK532-9dc535d1-bc5d-4763-bbbd-0f0cca87cc3d-cutout.jpg,ee aes
data - 20230404_140744-XM560-07bf5593-4263-48b9-b851-3825e1a96af3-cutout.jpg,XWSB0
data - 20230404_140744-XM560-9d7efce1-a44a-4789-8846-e5865b3b9c6c-cutout.jpg,X¥560
data - 20230404_140744-XM560-eab28fcb-0ccf-4fe8-9772-ef2313ab3491-cutout.jpg,XW S60.
data - 20230404_143814-17cc87f4-a522-492f-bd5a-9e45914e4b2a-cutout.jpg,ee
data - 20230404_143814-7982a07f-ce71-45d0-accb-c2f43cd54702-cutout.jpg,oea
data - 20230404_144545-KM973-2d33b29e-84c8-4573-ae00-cdf60c9967e9-cutout.jpg,—————————_
data - 20230404_144831-4ae27ec9-c48f-4628-b2e7-2aa676302e56-cutout.jpg,—-_(Ux B05————
data - 20230404_144831-e1017263-9aa8-4b8f-9110-e6262bba8707-cutout.jpg,EEUs ee—__
data - 20230404_150841-WG839-518a5390-f185-47f6-8086-497cddae4d23-cutout.jpg,W6839—
data - 20230404_150841-WG839-f4dc93b5-c968-4e62-9f51-3f5ab56e658e-cutout.jpg,W6839SS
data - 20230405_093836-458d41d8-37fc-4874-ab16-406ebb8a9bbe-cutout.jpg,eeey
data - 20230405_093836-55e0f98b-81ac-475c-85a7-71f06bd9db55-cutout.jpg,"=,"
data - 20230405_093836-6669e347-dace-4aa3-bb2f-c5f7d44c49ac-cutout.jpg,Ven
data - 20230405_102001-97890034-e94a-4df5-9d79-c7f967096ccc-cutout.jpg,GI760
data - 20230405_102001-f948efc4-e715-4216-8001-738026d5ee94-cutout.jpg,arse
data - 20230405_112231-CO281-5463722a-8fff-497f-9aa3-220c2b60428d-cutout.jpg,Wyee
data - 20230405_112231-CO281-a07557ad-c21b-4463-938d-b5f2ecaa02d3-cutout.jpg,a.)
data - 20230405_114416-5751c61a-af23-4999-8887-c1c676d5a76d-cutout.jpg,
data - 20230405_114416-5f702957-0383-4d53-9184-4ce671d71d13-cutout.jpg,
data - 20230405_114416-ac273530-7db5-4bda-a535-c47053632283-cutout.jpg,
data - 20230405_114416-cef27ffa-e5ae-4b22-ae62-3b25844150f2-cutout.jpg,
data - 20230405_114416-f55049a6-c8c6-4b2e-8681-7e6094bab37a-cutout.jpg,
data - 20230405_123949-53ea0e0f-e755-4165-bb76-e445266a3b2e-cutout.jpg,725 é e ty = = ae—— apeegee E™ a‘ an ere A - 7or “ =ete »_. SS
data - 20230405_123949-94a9dad3-0e29-4454-af02-530884d312e2-cutout.jpg,—P
data - 20230405_123949-f4989c8e-6e9c-4ced-8276-0104347a00f5-cutout.jpg,e
data - 20230405_124010-58ee9e47-8e2a-4a1f-bb5f-0807ab522555-cutout.jpg,eal
data - 20230405_125513-18edb71f-3e0e-4388-aa61-d48bbe1b1ff0-cutout.jpg,777 a-
data - 20230405_125513-3ca88cd7-6a0b-4c47-b698-5400ae76e9f8-cutout.jpg,aS
data - 20230405_130824-1fb44e1a-cfb9-40ff-892f-ce28e862e1e5-cutout.jpg,So
data - 20230405_130824-2bb76209-2c41-4e67-89a6-81865195bb22-cutout.jpg,
data - 20230405_130908-0e6b9347-644c-46c9-b8f1-93f4a13d00fe-cutout.jpg,——*s te Be
data - 20230405_130908-55a1b32c-fa5b-4152-ac3c-ca0aac43b498-cutout.jpg,—————ONG
data - 20230406_130821-1a2445be-f84c-4288-9dc0-f5d8eee3c506-cutout.jpg,+ Ne ee er nae. <=SS teWMA A
data - 20230406_130821-2454b4e1-8824-4649-aaf1-dd8dfdcdcb24-cutout.jpg,
data - 20230406_130821-66bcf388-231e-4c75-a9d3-e9eb42b20724-cutout.jpg,1993
data - 20230406_130821-c237ffd4-f27a-4990-94ac-70dac0d2c2f3-cutout.jpg,40
data - 20230406_130821-eccfe935-cb38-4833-ba1e-a335707a1348-cutout.jpg,00393
data - 20230406_141315-34c4cc4e-32f6-48df-a3c9-aec656582400-cutout.jpg,—EEEiss
data - 20230406_141315-490ce106-e44b-4cd2-b56d-0270d926c8cf-cutout.jpg,——.(ue gs
data - 20230406_141315-ca539ed0-358d-4cba-a5af-156400d943cc-cutout.jpg,——.uss
data - 20230406_150013-0d270511-96da-4b73-9ffc-6bcf8b96898a-cutout.jpg,cy
data - 20230406_150013-28cf112b-013f-4a12-b4ee-b6e5b55731b3-cutout.jpg,Ky
data - 20230406_150013-c7b01a29-0649-48e2-8cbb-aad0da5237b9-cutout.jpg,"""SHINO;"
data - 20230406_150013-c7e9cad0-c723-4ea5-882d-33a43d77a5d6-cutout.jpg,aay= nents
data - 20230406_152537-4f38e1cf-ce45-4ef3-b9b8-6573eb1cfd0a-cutout.jpg,"i,"
data - 20230406_152537-ea965258-9c6b-4203-b5c3-ca8ca74d5ab9-cutout.jpg,@
data - 20230406_160400-34cb4d43-78b6-4797-a822-6e405db92927-cutout.jpg,—
data - 20230406_160400-67f11af1-578e-4974-b9dd-9ab0e2b0c845-cutout.jpg,i
data - 20230406_160400-92273936-45a0-4dfa-b11d-886b64cfd36d-cutout.jpg,
data - 20230406_160400-c5691591-953e-4e44-abd7-18e43ce01699-cutout.jpg,=
data - 20230406_160556-a229dec9-6305-4aca-86ce-f3d17900f4a8-cutout.jpg,
data - 20230406_160556-c2b35c3e-05e0-4369-9032-3c7ab33b5339-cutout.jpg,
data - 20230406_160556-e96e7b7c-9ec3-4c63-95db-c8db4b725587-cutout.jpg,
data - 20230406_160556-e9f6bb60-eb1c-4c74-a0aa-f1562e2162de-cutout.jpg,
data - 20230406_164240-7dafa811-9f50-4af2-bb19-c7e451e9ff60-cutout.jpg,Oas7?2
data - 20230406_164240-cf810144-9b6b-4130-8734-d2ae07fd3429-cutout.jpg,OoasT72
data - 20230407_073326-1cf13389-8f55-4873-82ab-12fb49f3e3dc-cutout.jpg,_ WEtzs
data - 20230407_073326-21cc28f4-d82f-4e5a-9fbf-933a30c93934-cutout.jpg,1
data - 20230407_073326-beb2458f-a5ce-4938-9084-328c63fc95a1-cutout.jpg,RS
data - 20230407_073326-c919d5ba-99b7-4bb3-8ef6-e845c39d174a-cutout.jpg,
data - 20230407_073326-fc997aa0-60a8-4196-8f0b-fb2fd68692a2-cutout.jpg,ieani _
data - 20230407_075721-2c16d2db-d9fe-4c1d-9c0c-305f4a390563-cutout.jpg,~WH-825 _—
data - 20230407_075721-4bf9ea57-94c8-4f85-a0d9-c7bfedc5ed38-cutout.jpg,WH-825-_—
data - 20230407_075721-8f03bad7-c5d6-4d4a-8d13-8dee29946272-cutout.jpg,128
data - 20230407_075721-a08fb78e-6b5d-4c29-a30b-187a8fb3b144-cutout.jpg,AAH-BS2
data - 20230407_081657-0871e866-7934-4653-bdcb-67ff33c779a6-cutout.jpg,
data - 20230407_081657-091c7ecf-1b59-40bd-a12e-190545e56760-cutout.jpg,
data - 20230407_081657-db61bda9-7699-4337-a6e3-4281dfa88f67-cutout.jpg,
data - 20230407_092736-9bda6c60-de7e-4611-a021-268a879819b1-cutout.jpg,wet
data - 20230407_092736-d2686b6a-1d10-4978-9003-968efbac17a6-cutout.jpg,
data - 20230407_092736-f1055f28-d5a2-4ffb-9f38-4a934d56a846-cutout.jpg,Us
data - 20230407_093944-10d16574-6df0-4360-8336-52e1b3b397ef-cutout.jpg,Ty
data - 20230407_093944-6927f64c-38be-46c1-a47a-850627e0d414-cutout.jpg,_Tity
data - 20230407_093944-d8d53516-ef53-499e-99e9-35d10bbf543e-cutout.jpg,
data - 20230414_110654-NN544-496f5904-32f0-41dd-aa5e-048afd33dce0-cutout.jpg,Nneae
data - 20230414_110654-NN544-5f458986-0f1c-4df4-9584-653e410b3723-cutout.jpg,NNoaa
data - 20230414_110654-NN544-660bb48f-6323-464f-ae40-477e495012a2-cutout.jpg,SNNeAaS
data - 20230414_110931-5d022926-47e1-48e6-b3ac-5da5b4fbcca5-cutout.jpg,aug
data - 20230414_110931-7963b254-8e43-405c-972f-a802ddfdce17-cutout.jpg,ow
data - 20230414_110931-f2764f25-89e4-49a2-9d21-0d886b5eed90-cutout.jpg,ay
data - 20230414_111441-XC684-01f59c8e-84dc-4b0f-a38b-b84bf50cded5-cutout.jpg,TT
data - 20230414_111441-XC684-30663c1a-c076-469e-b827-d6d03a2cfc43-cutout.jpg,> PoP Sa ae- jadedi ca
data - 20230414_111833-LN765-6bb548ab-7adc-41f7-bbb7-4be371488f84-cutout.jpg,&A—
data - 20230414_111833-LN765-b8e77d13-fbeb-4cb5-954e-954143316e4d-cutout.jpg,NAYESEs
data - 20230414_111833-LN765-f52191d3-397c-4738-94d2-379c29b0709c-cutout.jpg,~2)
data - 20230414_111945-GE412-1fb26ef4-4194-4d12-9c47-7da743dd2bff-cutout.jpg,GEAI=
data - 20230414_111945-GE412-5ca872c1-644d-4db0-910c-9599775f1815-cutout.jpg,——K—GE4IZ—
data - 20230414_112522-54c50d70-379f-4df8-b422-a01f8db3e561-cutout.jpg,Nap
data - 20230414_112522-a9dfc947-c20f-4839-aaf7-c84857bee341-cutout.jpg,a
data - 20230414_112522-db735f38-9165-42db-9a5d-b412731ff114-cutout.jpg,
data - 20230414_112656-05b07a40-878a-49dc-a5b9-36781fd425ae-cutout.jpg,
data - 20230414_114211-KR507-0d2ef237-9f3c-4976-a158-e059400554a9-cutout.jpg,wD =aT
data - 20230414_114211-KR507-5df8d76a-0fe9-42a5-aa7a-d4cfa62b9036-cutout.jpg,¥RSO7
data - 20230414_121940-LN765-10109cc9-90f7-4767-93f8-51589bc32781-cutout.jpg,tN765
data - 20230414_121940-LN765-bc8a227a-dd51-4bb1-bfef-305394485297-cutout.jpg,SSLN 765———~CS
data - 20230414_121940-LN765-c3b99382-52fa-4775-8643-004046dae249-cutout.jpg,SELN755
data - 20230414_123100-11a387f6-8c66-484d-9640-7a92548c5b86-cutout.jpg,ats
data - 20230414_123100-1af2fbb9-14ca-4ec8-9931-d24c2797716b-cutout.jpg,a
data - 20230414_123100-663edd0e-652c-4716-817c-46c4da68c56b-cutout.jpg,—
data - 20230414_124026-13996d30-3727-4e9c-8b13-1af0a12a9165-cutout.jpg,—gpz18
data - 20230414_124026-1de1a3a7-c6ba-4da2-a36b-95378b9cacfd-cutout.jpg,aopz18
data - 20230414_124026-2f7025f9-7c86-49b5-bccc-050f17f96085-cutout.jpg,15gaz 18
data - 20230414_124026-54bcbb0d-2c0d-49a8-906f-0e255d4e89f1-cutout.jpg,——oz1é
data - 20230414_124026-fed5f3b8-2964-4caa-843d-2baf65b7069b-cutout.jpg,gees
data - 20230414_150553-KD416-1f2f8a73-9fbd-4957-8ec0-c0899c231a33-cutout.jpg,Cm
data - 20230414_161327-WN443-d6cb2993-3164-4714-8224-d2fabf0e31c5-cutout.jpg,eeWN442
data - 20230414_161327-WN443-fc49b1c4-0afa-4e5c-bff6-df78a474d078-cutout.jpg,——WN443
data - 20230414_161340-JP428-6ef224b1-8e35-4eff-b25b-50bca19fda0b-cutout.jpg,ortje 428
data - 20230414_161340-JP428-7dd7dd01-ff8d-48f0-ae77-613ea4efe106-cutout.jpg,ye
data - 20230414_161340-JP428-9045fc2b-6d83-4830-b81c-cf43ac91987a-cutout.jpg,jp azo
data - 20230414_161340-JP428-b978a02c-7201-4717-b7eb-3ef105521df2-cutout.jpg,read
data - 20230414_161415-VW767-01422e5e-148d-42b4-b341-1133fd28e007-cutout.jpg,
data - 20230414_161415-VW767-3c665321-ab6d-4a66-a674-fb2fa14cfe52-cutout.jpg,wor
data - 20230414_161415-VW767-7c76b988-2f66-42f6-8fb8-ba0f88376963-cutout.jpg,
data - 20230414_161415-VW767-a56ba13e-ca36-401b-8c2d-08972ef36acb-cutout.jpg,eTcums
data - 20230414_161415-VW767-e9a904af-0012-41b4-8d4e-83ff2de5889d-cutout.jpg,Win
data - 20230414_161519-VQ750-0a246676-33a6-4f2f-a861-99368f968971-cutout.jpg,¥O7SG
data - 20230414_161519-VQ750-15e973aa-ae34-49b0-872f-0830ae1ef88a-cutout.jpg,Wd
data - 20230414_161519-VQ750-60371dd3-dc59-4fc0-b98e-0d5b042d5c68-cutout.jpg,Worst
data - 20230414_161519-VQ750-ad95c187-47b8-4aad-a8f8-c9ef1ec6c9aa-cutout.jpg,SR
data - 20230423_133650-546f151e-bb84-41b0-8a79-841b16c419bf-cutout.jpg,wc 371
data - 20230423_133650-9534c0a3-2dfa-48e3-9f44-80bdaf9021c0-cutout.jpg,mc 371
data - 20230423_134053-331d9aad-e55a-4968-bead-9468cf3c4bbd-cutout.jpg,La
data - 20230423_134113-0cffc367-87b9-43b9-ad20-2f4c3f109c0b-cutout.jpg,
data - 20230423_134113-10581e05-3640-4073-b242-34dcedff9e1e-cutout.jpg,
data - 20230423_134113-42f5539f-0e2a-4292-84e8-b889d80c173f-cutout.jpg,
data - 20230423_134404-48733da4-5a93-48c0-9699-2ee3820bdedc-cutout.jpg,OT”
data - 20230423_134404-b0ea41bd-a061-4897-bf9d-67c985274440-cutout.jpg,GOTT _
data - 20230423_134404-b446bf66-fdbd-498b-a0ef-434901641eeb-cutout.jpg,GOTT
data - 20230423_134430-1b93b22d-a5be-4581-b0e8-488391d2c204-cutout.jpg,cna
data - 20230423_134430-1d588e4d-52b6-4682-b4d4-695b223da6eb-cutout.jpg,Enea
data - 20230423_134430-7058a827-6b8d-4efc-80da-04e75753fe6e-cutout.jpg,—___—_—_—_——Krew?
data - 20230423_134619-6058f87b-b08c-4584-a8f6-a3a5d578263a-cutout.jpg,BR522
data - 20230423_134619-df9be65e-d26c-4447-99a6-104d9a82650c-cutout.jpg,BRS22
data - 20230423_134619-e216b2ca-7b21-4a67-b855-39426e757a97-cutout.jpg,RAS22
data - 20230423_135114-3a44f5a0-b873-40bd-b345-437bbb283e22-cutout.jpg,WAH
data - 20230423_135114-b0b856cf-2abe-4cfb-9579-a4bfe241fa70-cutout.jpg,WOT
data - 20230423_135114-b97a7517-9c1b-4898-8eb2-bc484ba8621a-cutout.jpg,Won
data - 20230423_135114-d5ad2098-9e59-4a56-9240-4262458fa1a4-cutout.jpg,"WW,"
data - 20230423_135313-cd596172-73aa-4a8a-a497-27e3e17102c6-cutout.jpg,$8
data - 20230423_135313-d6d0de30-2033-44e9-ab91-544a7b6f0b7b-cutout.jpg,AS
data - 20230423_135313-e789e6c0-5171-41c1-8630-2073519657d2-cutout.jpg,SS
data - 20230423_135832-3456fe54-bb28-4f7a-95e1-a00249efb0b9-cutout.jpg,
data - 20230423_135832-3de27b9d-1f32-47e0-94b9-b0e60ca67b6f-cutout.jpg,
data - 20230423_135832-5353b3c8-d5c2-4f58-b17b-71fb5c47ea24-cutout.jpg,
data - 20230423_135939-bf4ed1fb-4121-43a5-bb4d-c161f46f2f89-cutout.jpg,aee 8
data - 20230423_135939-e3a7f093-2918-4898-967f-338ab46d26a7-cutout.jpg,——ae a
data - 20230423_135939-f651f7fe-46d8-46c3-8191-265332071969-cutout.jpg,————_—es
data - 20230423_140114-43cfbadf-c298-4bc7-aa2f-c96c04ef3017-cutout.jpg,_ te
data - 20230423_140114-d88673ff-f8b5-4ee4-8a39-1f29c4ef1fd7-cutout.jpg,Gm
data - 20230423_140114-f62a045d-74cb-4885-a6fd-40e434e5ca9e-cutout.jpg,Uw
data - 20230423_140648-058b8e3b-631a-4286-bbb0-232cde819d33-cutout.jpg,LEZZ&Jaw
data - 20230423_140648-0c57e886-8725-49ba-a3fa-41ee1376187c-cutout.jpg,"""LE72e."
data - 20230423_140648-aa32ceda-0ab9-4daa-8f67-c5ec188eaaba-cutout.jpg,"""LE726."
data - 20230423_141342-a3616f46-fd82-4137-b9e2-fc861ad81f69-cutout.jpg,SE“Mz(9st
data - 20230423_141342-a41dd30a-94ab-42b1-aa87-13e849b61997-cutout.jpg,OP
data - 20230423_141342-b8817574-e469-4e5b-bfb6-341826e7477c-cutout.jpg,CH
data - 20230423_142856-2106b84b-0665-467e-88db-723dbd90dff8-cutout.jpg,————
data - 20230423_142856-fb394e85-f14b-44fb-9a58-37572e19f80a-cutout.jpg,—————eooRISZT
data - 20230423_151454-061d222c-d584-4336-ace0-1721aee44876-cutout.jpg,PRET Ra
data - 20230423_151454-390abd49-0edb-4fe7-ba96-16684b01a03a-cutout.jpg,WeGsee Gs6e
data - 20230423_151454-80593db8-d7b7-4527-8eee-c23c73eb423a-cutout.jpg,
data - 20230423_151454-9d353c8e-a6d0-4c2a-b2f3-112a852375fd-cutout.jpg,
data - 20230423_151454-ac9d88f0-bb25-45cc-8686-23f59a011d67-cutout.jpg,
data - 20230423_154846-9d434ec4-5f3f-48f6-8297-22112af619f2-cutout.jpg,"a, 7"
data - 20230423_154846-ae9e91d2-60a4-4d66-ac9d-eb7b54c775d4-cutout.jpg,eewre eam
data - 20230423_154846-dff2dec5-c844-4a4f-a0a2-40b2f28e835c-cutout.jpg,eae
data - 20230423_155817-8c5080b4-27ad-44bc-8ba8-7d2009a3cede-cutout.jpg,MX 611
data - 20230423_155817-a9a0e778-8f8a-4d65-8aa7-3b18a3fab77d-cutout.jpg,
data - 20230423_155817-fc87106d-52e1-4c3a-9db2-9367538cf31c-cutout.jpg,MX 817
data - 20230423_155905-24710dbc-2c7c-4a0f-accf-11c330790664-cutout.jpg,al
data - 20230423_155905-abd98894-1f19-4703-8d99-7fe6abf6e7a9-cutout.jpg,———__————-__> rue
data - 20230423_155905-be3f5012-5ed3-4eab-b548-b8454ebf859a-cutout.jpg,es
data - 20230423_163029-8f083454-da5e-4e6a-9bfe-6e0004dce135-cutout.jpg,US771_
data - 20230423_163029-b0abe0a2-afaa-4f5d-9c71-f0e20d882ed9-cutout.jpg,uS771
data - 20230423_163029-bdcb8f4a-4626-4136-af86-68e19a239132-cutout.jpg,uS771
data - 20230423_163029-dbcc3f38-b18c-43b2-a03e-fa41778c5e6a-cutout.jpg,US771_
data - 20230423_164639-a2fd5ab9-fdb2-4650-a68b-38e60281395f-cutout.jpg,Lal
data - 20230424_105420-1ecdb163-d6e3-485e-8473-c66ba472adc9-cutout.jpg,ieee—_—.
data - 20230424_105420-462c3221-d94b-4ac7-8915-0043a8710d50-cutout.jpg,on—
data - 20230424_113256-77cd1366-e6b2-43cc-be44-fa8338757727-cutout.jpg,SEG
data - 20230424_113256-bcd99f90-eb00-4e82-946a-7ffa425b26ab-cutout.jpg,Say
data - 20230424_113256-d50fcc91-e8d0-4fdb-9e3f-0d2cec5e6f05-cutout.jpg,
data - 20230424_121217-16ba5bc7-3866-47f3-99d2-ad2a4e392370-cutout.jpg,w7e
data - 20230424_121217-5a76238b-563e-4d3f-9e4d-bcc130ad3e29-cutout.jpg,wis
data - 20230424_121217-ce5f1d5f-fd36-410a-9507-59ed1757ad94-cutout.jpg,Twi
data - 20230424_124139-df11e9c8-d000-43be-9959-b70a9111369a-cutout.jpg,A
data - 20230424_124537-1c1fa3cf-eb2a-46f0-a29d-e371ff3c3a09-cutout.jpg,
data - 20230424_124537-4f6cd384-c3a7-4ed7-bd56-293f2152c5c1-cutout.jpg,"es ~~ ee A ——_— SSFF a =—— ref ee am. ne! ‘ +. ~ = = tetee oo eeoy ail = ee‘ eS‘ ~ a —= Coins a ~my — esa = -an ,ee aa :ap = 7ee eo ee aee n= SS"
data - 20230424_124537-760284df-1a9f-46f2-aa66-ea1e668b864d-cutout.jpg,es
data - 20230424_124537-f3756efb-7582-49be-9261-02dc068f6328-cutout.jpg,
data - 20230424_125418-3beb4cbc-a315-431b-9ffb-15c4047b79d2-cutout.jpg,——
data - 20230424_125418-48e7c0ea-2a83-44b8-86bc-b866fa9b6031-cutout.jpg,— °°oo.
data - 20230424_125418-688286b1-41a6-47db-a000-8e076ddfcd2b-cutout.jpg,—_— -goose
data - 20230424_125418-80eb05bb-e765-44ac-ab86-75667c90b922-cutout.jpg,- = _aa
data - 20230424_131058-0f40c6d0-4ea4-494c-8136-005bd60210c5-cutout.jpg,wy
data - 20230424_131058-16f06a57-3925-4f0a-9ab5-ef47ff02edaf-cutout.jpg,Cat
data - 20230424_131058-4424e510-9d19-4722-9f95-1187fefb8bf2-cutout.jpg,"a,"
data - 20230424_131058-7b27c8b6-9c37-48e9-aea7-2c51768e5a7e-cutout.jpg,"i,"
data - 20230424_132744-4942d1ac-7145-4da5-8564-5d3678f4459d-cutout.jpg,ware
data - 20230424_132744-52f4c3f4-823b-4ecd-9bc4-e2e3f8e664ea-cutout.jpg,were
data - 20230424_132744-f2c0e97d-ad11-49b4-a3af-1aee108ff6a1-cutout.jpg,WwMa7TA
data - 20230424_132956-45677326-5abc-4bc2-aea8-878cf520939d-cutout.jpg,Ti
data - 20230424_132956-59a191b2-cc6d-456b-99b1-10844cd66d4e-cutout.jpg,i
data - 20230424_132956-b23430f5-a466-47ac-91a1-27b114bfaa0a-cutout.jpg,Lie
data - 20230424_143635-067416c6-a27d-4e8e-a1f4-a3d4e4f21201-cutout.jpg,ay
data - 20230424_143635-0b85ce1e-3b38-4228-8c26-1f6339141158-cutout.jpg,oi
data - 20230424_143635-9242a5df-ed68-42dc-9998-783e8ed76b35-cutout.jpg,+4
data - 20230424_143635-951d1ee7-6316-4cbf-bf93-96f61b48e5e0-cutout.jpg,y
data - 20230424_144655-24dac547-cd87-4ece-a2d4-93ec07e5103e-cutout.jpg,es
data - 20230424_144655-39632dde-b741-4c8c-9edb-a800d7e31301-cutout.jpg,
data - 20230424_144655-6b813966-4ba1-413f-81c5-d106dfeca2cd-cutout.jpg,SS1 —————— ———_-a= — ——__ ————— SS —Se ————— —— ==a =’ ~
data - 20230424_155118-0a777c71-ddb0-434a-beb4-8b4e5219fb55-cutout.jpg,Oe
data - 20230424_155118-d421dd77-6cac-4838-8355-4f513f6776f3-cutout.jpg,aes.
data - 20230424_162054-af7e86a0-472c-4e24-9df9-1436228b8cc2-cutout.jpg,ee Sr aeGF 959
data - 20230424_162054-b022cc8f-e53f-43cd-8f19-fb9587f69139-cutout.jpg,GF9ss
data - 20230424_162054-d2f14c04-5ac6-4063-ad26-b675b6b6b645-cutout.jpg,
data - 20230424_163231-05fd1080-cba8-4abd-a89f-b65572303297-cutout.jpg,wyee |
data - 20230424_163231-0d53232b-2a4f-42ca-aa0e-50e5ee471af2-cutout.jpg,ey
data - 20230424_163231-444d31a6-99d2-4c58-9632-6b2b59463e5a-cutout.jpg,ihme
data - 20230424_163231-6776593a-8963-4c40-b5d4-1a0ebcdfedde-cutout.jpg,it7 |
data - 20230425_073702-4a704118-fa76-45fa-ac89-8c88796b6b13-cutout.jpg,YIN
data - 20230425_073702-a3c6c8b4-7147-4bcb-82a8-a2b8e3c8f3cc-cutout.jpg,aa
data - 20230425_073939-5ae9553e-020c-4f89-904d-c61c87be86d9-cutout.jpg,———aeTg Is
data - 20230425_073939-5c8bc775-ecee-4d4a-a835-15dafcf83db4-cutout.jpg,Te
data - 20230425_074209-49558dcc-a0b9-4ebe-ab48-a9eaf4934e60-cutout.jpg,em
data - 20230425_074209-9865e001-dcdc-496f-93d4-97844ac5556a-cutout.jpg,HPS
data - 20230425_074209-b2f2cbd7-865d-4cb0-b174-9403634eaf55-cutout.jpg,wP3z0
data - 20230425_074327-a8498097-f8f8-4640-a053-53891864f1cb-cutout.jpg,esioe
data - 20230425_074327-e03f15f1-97cd-4afd-9382-f99db1bb58c9-cutout.jpg,<a
data - 20230425_074736-37806d78-3968-472e-bb88-38fdcd60ba70-cutout.jpg,
data - 20230425_074736-5481f117-67f4-4628-baa7-35909d8f1776-cutout.jpg,—
data - 20230425_074736-61065ace-6bce-443a-aee0-d91ac824594b-cutout.jpg,—
data - 20230425_074750-0465b3ce-4997-4954-966d-eaea6c09566b-cutout.jpg,aro
data - 20230425_074750-0df690b5-2286-4bd5-ad7e-4d8385704b6b-cutout.jpg,i
data - 20230425_074750-1dbf8edc-7e7b-4981-a74f-684460bb9308-cutout.jpg,teae
data - 20230425_074750-97af4d24-3bbb-4f89-a07b-d7016d3c39b5-cutout.jpg,— ——=
data - 20230425_074750-f93aa4d5-cfcd-4d7e-b6a0-17e37c1627c0-cutout.jpg,——_—
data - 20230425_074837-3c263254-6204-4ccb-ae87-e22a94bb5fd5-cutout.jpg,7
data - 20230425_074837-4cc673d2-67e1-41db-aa93-9b4a314aa27a-cutout.jpg,a
data - 20230425_074837-c416bb01-a679-4400-ab64-6c7172f774aa-cutout.jpg,ce
data - 20230425_074837-f6388092-d740-48ff-b1fd-ededb9f6dba6-cutout.jpg,- =
data - 20230425_075306-4f2d1046-a193-478a-a9a5-2b1372db198d-cutout.jpg,ROG4E
data - 20230425_075306-7c8b54b3-b357-4249-a7d2-79d97b78cbed-cutout.jpg,RQ648
data - 20230425_075512-1fea0339-77f5-4490-9d72-26017359715f-cutout.jpg,
data - 20230425_075512-63041541-82c6-446a-a34a-cf9330b5a2d4-cutout.jpg,
data - 20230425_075512-d2560ec5-ff25-4d23-9847-fbf92562ea13-cutout.jpg,a
data - 20230425_075832-439c5b06-125e-47c3-89f0-682d9e002583-cutout.jpg,xR
data - 20230425_075832-52fd1f7d-045c-4715-8808-ef3d2d802656-cutout.jpg,
data - 20230425_075832-93e5ff7e-4879-4f68-808e-d10aabbf0af3-cutout.jpg,—SYew
data - 20230425_104637-18d9bf5c-b49d-4fd3-8932-933d1d1aecf8-cutout.jpg,fae
data - 20230425_104637-56b1a981-c59b-4b64-866e-2c1949dd98b1-cutout.jpg,WKa
data - 20230425_104637-fc0d5c43-1037-4eca-a0b5-5c15e56df2d7-cutout.jpg,"aa UA,"
data - 20230425_104817-8be2dccc-00fe-4def-9c2a-9c21409e05f1-cutout.jpg,A
data - 20230425_104833-688aeee9-2f6e-4673-81b1-de402f8c2535-cutout.jpg,aea
data - 20230425_104833-b23b23d1-40c7-4be8-9df8-cf18bb5e7522-cutout.jpg,wR
data - 20230425_104854-4575b779-cf81-4831-9309-e2416304cb0f-cutout.jpg,myoe
data - 20230425_104854-e6130d2d-0fb5-4ba2-beb4-f06dd1191976-cutout.jpg,&
data - 20230425_104854-e7dd3f51-e8d7-4599-be38-dd459460eef9-cutout.jpg,cy
data - 20230425_104917-59f9c4dd-d644-4c48-a047-add6d8348f2b-cutout.jpg,WARN
data - 20230425_104917-bea465f4-ca71-4093-9108-173ad8bc2113-cutout.jpg,“MALRBR
data - 20230425_104917-feb5b228-4c98-4521-8c55-b0c0dadf10e6-cutout.jpg,“WRT
data - 20230425_105640-ae4469ff-4c70-4d0f-a39b-5facbaa8b105-cutout.jpg,SIGBS
data - 20230425_105640-be433a0a-13c6-49e9-a24c-9714722e4b9d-cutout.jpg,Sisee
data - 20230425_105942-116f99a9-f661-4d7a-86f8-3dbe647a5abf-cutout.jpg,wists.ss
data - 20230425_105942-c3d167dd-8de0-43e5-bbdb-ae8f43a58914-cutout.jpg,Besse
data - 20230425_105942-db688dbf-120f-4db7-bf0c-dc3e0f61b9c2-cutout.jpg,SESE
data - 20230425_110020-39f07a8c-4d81-40d6-b9f2-b29d85b5f389-cutout.jpg,
data - 20230425_110020-71d34997-7f0f-4ec4-905b-8b861a9492f1-cutout.jpg,
data - 20230425_110020-7dae495f-4c6c-4ff3-8dfe-142293738111-cutout.jpg,—Setteeees “iat “cnn a eects cen ARIee. Se ———Ty SP Rewe =:Twos ———: = >i ee— —— :——— —————— = aee ———_
data - 20230425_110020-ded32035-3637-40de-92a5-dca2b69d013e-cutout.jpg,——a
data - 20230425_110145-535929ea-93c9-4615-8c3f-5cd6a94ed9bb-cutout.jpg,MC 371
data - 20230425_110145-87798dc0-938e-4dc2-8090-07fb4b2c2679-cutout.jpg,MC 371
data - 20230425_110145-d9b06e83-e05e-4280-8c88-390fec2f73e3-cutout.jpg,ME 371
data - 20230425_110408-84d2c5e9-2db2-4053-b361-bec27110f117-cutout.jpg,—LE
data - 20230425_110408-935c939b-e9b5-4bfe-bf28-5890bf842e8b-cutout.jpg,LESOO
data - 20230425_110408-b0a84ba1-0d3c-481e-9172-b32e1acf085c-cutout.jpg,LESDO
data - 20230425_110408-da19f0a0-d77b-44d7-81ef-11927be977f8-cutout.jpg,LES
data - 20230425_110505-430c0b0d-c728-4309-b65a-c003b29717c3-cutout.jpg,
data - 20230425_110505-8fb1bcdb-0ade-467c-bb1a-e21a8b28ed7b-cutout.jpg,
data - 20230425_110505-bc371ec1-54b1-4e40-88af-64031c9d8280-cutout.jpg,tScien
data - 20230425_110505-dd571de1-5d50-4c0e-8637-b1fafc002ddf-cutout.jpg,
data - 20230425_110505-f417a1d3-3138-414f-a7e2-73b1c0df7b40-cutout.jpg,
data - 20230425_110713-2f333bdf-c04b-40ba-9a08-b1b304ec6044-cutout.jpg,SLT13
data - 20230425_110713-40c38724-b2de-42da-98c2-1fc24db6b55d-cutout.jpg,_—SL713
data - 20230425_110713-7c014f91-3ae8-4d3d-9a09-664f7b5bf1ed-cutout.jpg,_ Sla
data - 20230425_110713-fbc58904-4307-4cf4-bee4-6de0f298704e-cutout.jpg,it3St Tt3
data - 20230425_111005-93c60adf-5484-4ec4-9420-4f44f65a9459-cutout.jpg,=- —_
data - 20230425_111111-a56f94cf-a15a-487e-b591-12d8d59f65a2-cutout.jpg,
data - 20230425_111111-d2e62039-d61d-490d-bd55-0056b08d453e-cutout.jpg,
data - 20230425_111135-40ed47b3-befd-441c-b056-a6cad4c6fcb5-cutout.jpg, ——
data - 20230425_111135-4add9f23-f733-41f1-952b-67459c3c5350-cutout.jpg,
data - 20230425_111135-c06eb55e-dc51-4f12-a349-e01f770fbb26-cutout.jpg,
data - 20230425_111135-e530aae4-f803-4989-817a-7c57b04e5980-cutout.jpg,
data - 20230425_111806-6f6218fc-fb69-4ebc-b294-5ce7197c1e42-cutout.jpg,
data - 20230425_111806-9511c485-8087-4a81-8d61-179de68afc80-cutout.jpg,ees a {eea = 2 : == aaoo . imee En iSEESS —
data - 20230425_111806-c65ceba1-7e1e-4f81-9c32-97a4706564d5-cutout.jpg,
data - 20230425_112110-12acb2fe-1671-4541-b613-e855cbf52a3a-cutout.jpg,mr)
data - 20230425_112110-14203a0b-33d8-40f8-b7f6-34648f13a39c-cutout.jpg,peWiig
data - 20230425_112110-5afc0517-e7d2-41f4-adbc-fa139b51318a-cutout.jpg,oy
data - 20230425_112110-b96777e1-151c-42f6-8fec-a5019e4c4f81-cutout.jpg,Oy
data - 20230425_112110-faa757c3-5995-490f-94df-2433b91d21ee-cutout.jpg,0
data - 20230425_112156-49844e7a-3679-4aea-b7b4-5c4946b4a893-cutout.jpg,ave Tay
data - 20230425_112156-a5fbd691-9c32-4924-a67d-b1433980ccfe-cutout.jpg,ney aaywean
data - 20230425_112156-b7060d0f-6179-4146-8838-6b0fe956ce24-cutout.jpg,Wiens FW753;
data - 20230425_112156-f05a86f9-be46-4893-996d-0af59b1e8462-cutout.jpg,
data - 20230425_112542-6dd5c314-9c30-41cc-bf54-9be3a9c3a4fa-cutout.jpg,
data - 20230425_112542-9ee2b670-35da-4451-b1ba-86ea8b823f72-cutout.jpg,WeWS
data - 20230425_112542-c5e96c4d-70f7-4634-8fc8-1a380af39a3a-cutout.jpg,a.a
data - 20230425_112542-d4c72861-e550-4033-8e4d-885d3ffd450a-cutout.jpg,Ing
data - 20230425_112542-e830d2d8-5937-4b00-9aff-91ffff452aa4-cutout.jpg,“ys
data - 20230425_112723-0141f13c-0dbc-4772-bbc6-bde3831ccbb5-cutout.jpg,. i
data - 20230425_112723-4a846873-7759-4f21-a88d-62cce1fea1f5-cutout.jpg,"Ley"""
data - 20230425_112723-9b8fb671-d31b-4ad2-9e83-d10b072216e4-cutout.jpg,ty
data - 20230425_112723-9efb7074-232e-438f-9d8b-55ceaac14b9c-cutout.jpg,
data - 20230425_112723-f523b318-9efb-4005-a5db-5f421086eb31-cutout.jpg,bfe
data - 20230425_112757-b784d318-92d0-44ca-b92d-307d5a4c5080-cutout.jpg,aMaggs
data - 20230425_112757-c535fd5c-703a-4be9-a705-4d350f22299a-cutout.jpg,aWh agg
data - 20230425_112757-d75b3d8f-c0b8-47c9-8c4a-6317046255d2-cutout.jpg,Wanag
data - 20230425_112757-fb8645f3-452a-4dde-bd63-dafe5fd14182-cutout.jpg,WaeaR
data - 20230425_112814-21506bee-91b2-4fb2-b276-9e1acff3e1da-cutout.jpg,
data - 20230425_112814-7d14b5ab-0d47-4240-8ac1-ef66809525ee-cutout.jpg,cso
data - 20230425_112814-b32f85c1-e346-4e3a-bc7f-aa4ab285946d-cutout.jpg,=
data - 20230425_112814-e190e94e-f9a2-45ed-8f15-1e878348077c-cutout.jpg,"=,wihe"
data - 20230425_112814-f419be70-ea81-4d4c-ae01-1c7c517c3ec0-cutout.jpg,
data - 20230425_113212-49d6b5eb-7e7f-4a71-9a5d-c21f38768eab-cutout.jpg,hag
data - 20230425_113212-53d1afc8-cd9f-4ea4-87ba-e696e097b931-cutout.jpg,
data - 20230425_113212-9430676c-6219-474b-8327-6191f1218fbb-cutout.jpg,
data - 20230425_113244-925312a8-061c-42d5-b30e-68347c8f1894-cutout.jpg,
data - 20230425_113244-d2811693-93e8-4dcb-8ff0-c85933c1813b-cutout.jpg,wal
data - 20230425_113503-075e8a96-31c1-419d-90ce-5bdaaa05a11c-cutout.jpg,Wass”
data - 20230425_113503-2878c6a7-004a-4f04-9fae-7791303a43ba-cutout.jpg,eS”
data - 20230425_113503-4692452a-1c2a-4dca-84cd-85c1eec822f7-cutout.jpg,a
data - 20230425_113516-02426f1c-b103-4487-a520-6716c6599c7b-cutout.jpg,06485——
data - 20230425_113516-3227e9a7-5c69-4866-a32e-f2ab485a4f26-cutout.jpg,"Adwre,"
data - 20230425_113516-6a501d2c-e777-45f8-8afa-581a771356d5-cutout.jpg,06486ee a
data - 20230425_113516-a9989dd7-1141-4428-be56-15dc622f09f3-cutout.jpg,06486ee
data - 20230425_113847-15c5c901-aabf-4ce4-985b-3d151dd85adc-cutout.jpg,==
data - 20230425_113847-6b1cdc1c-a1e5-482d-a8e0-02d60a627dd4-cutout.jpg,1
data - 20230425_113847-cfc6c671-4f68-4097-912b-7348e57dcb25-cutout.jpg,-_—
data - 20230425_113847-e633769a-a82a-414c-80ba-a9a32367dde3-cutout.jpg,
data - 20230425_114115-200fb08a-64fe-4a8c-98e7-392cef8ff777-cutout.jpg,Kutz
data - 20230425_114115-21d03668-d2bc-41f8-8cba-407fdad75ec2-cutout.jpg,
data - 20230425_114115-4b0816a5-12a5-4cea-878c-ee547b3864bd-cutout.jpg,yar
data - 20230425_114115-cd131dbc-191e-4da3-ba62-b680b97f547d-cutout.jpg,5h
data - 20230425_114137-12e4ea4b-152a-49a6-9bab-548d5e731924-cutout.jpg,—<—Siad
data - 20230425_114137-1c802654-30d4-421b-b6b0-c5962247b578-cutout.jpg,—_—_—
data - 20230425_114137-cfa392a1-3369-47a7-bc37-0861f057fcdc-cutout.jpg,——ILE
data - 20230425_114137-d9e6063e-2060-4d94-9efd-b12f67e304d2-cutout.jpg,SSBeseY
data - 20230425_114423-c6c5a50a-fd25-4cde-ba20-aed59e2e7039-cutout.jpg,—us <
data - 20230425_114423-f6afa356-402b-4440-b241-36801b56b7cc-cutout.jpg,————aware
data - 20230425_114423-f816aa73-6cdd-475b-9ef0-9a3c160d0766-cutout.jpg,——ee -
data - 20230425_114525-2548d995-f0b0-479f-85d0-9203ae71a63e-cutout.jpg,
data - 20230425_114525-8f3094ba-2266-4e3c-bb64-128ffec8137a-cutout.jpg,———NF 204
data - 20230425_114525-e4e3ef1e-218b-4f2e-81d2-2601d3ca17a1-cutout.jpg,
data - 20230425_114541-7b5ee697-0c2a-44e7-8199-a139c9f151f6-cutout.jpg,US
data - 20230425_114541-d2550932-3212-49b7-88d0-c7e55404f0b8-cutout.jpg,———L389
data - 20230425_114541-ecc8d767-6643-4a80-b3e5-798b9fcfe7db-cutout.jpg,ULSD
data - 20230425_114858-36baff6a-2d73-4d10-900f-e51163fbd36b-cutout.jpg,LOTEE
data - 20230425_114858-c8f61cd7-2114-4310-b767-649962ace390-cutout.jpg,SUI6E
data - 20230425_120057-02425695-11d9-4d85-a67c-2dc39df854b8-cutout.jpg,Wa 50Ryme
data - 20230425_120057-4b186f6e-e82b-4d50-a272-80aa310a800c-cutout.jpg,wa Cy :
data - 20230425_120057-a4b5dd97-93ad-41eb-bfb9-bdbbc771c458-cutout.jpg,Tree 7
data - 20230425_120057-d00fda45-16fa-4fc5-955e-c30fc6ec8bf6-cutout.jpg,2 250
data - 20230425_120057-fe98fe97-f420-4deb-9c46-076400112fca-cutout.jpg,SOI
data - 20230425_120711-c6ce5219-b075-4f0c-b861-69cc76452d23-cutout.jpg,mmry ad
data - 20230425_120711-f483d49e-0326-41a1-bf1e-e87fd992d78a-cutout.jpg,ercest_.
data - 20230425_120745-390c4709-5c8b-44c0-bb89-a726ab7d6010-cutout.jpg,_ hosthet
data - 20230425_120745-499c5de4-7fc2-451d-b8c3-844ef7b0111f-cutout.jpg,o>Wx
data - 20230425_120916-1f2af0ec-47a3-47f4-9fd6-eb221b2d34ff-cutout.jpg,j
data - 20230425_120916-3c059841-c760-40e2-953f-3ac80e4cb134-cutout.jpg,
data - 20230425_120916-4ef968de-5f4f-480d-9ec6-0a76fa52138a-cutout.jpg,Rza35
data - 20230425_120916-7a864a37-e4f5-461f-abbd-16dc1569cfb8-cutout.jpg,1Wza36
data - 20230425_120916-d42ae74c-7d13-4baf-a124-67edd18739ef-cutout.jpg,KK SZ
data - 20230425_121222-7c648245-fc82-43ca-8bfb-becdf3d62aa5-cutout.jpg,"“Se,Sas"
data - 20230425_121222-a73fe843-c23b-4915-89be-519cd5d9db0a-cutout.jpg,ey- ——
data - 20230425_121222-ce02ed12-6c37-4805-ada2-fcd03d2931ac-cutout.jpg,Tue trngnl
data - 20230425_121222-fa8791b4-1da8-4d7a-b8ad-01130e75b662-cutout.jpg,Ames
data - 20230425_121254-c25ddc6f-7cce-4f3d-84b5-3760121864ea-cutout.jpg,Sere
data - 20230425_121254-fe3a456a-6998-42c9-aa61-cb49b3718236-cutout.jpg,aS ale
data - 20230425_121306-2d3a64e0-5fdd-4649-a4ab-9b5feed0039f-cutout_QN951.jpg,ONES
data - 20230425_121806-8cf6d08d-4d1b-4e55-b132-a331b3eef300-cutout_JZ630.jpg,=
data - 20230425_121806-e4543c1e-04f0-4ad6-be44-92f0f9957506-cutout_JZ630.jpg,i.
data - 20230425_121910-496d359a-d2d6-4245-938b-c7c3ff4eb55d-cutout_PN445.jpg,—-_PHA45
data - 20230425_121910-ac50f0c8-52bb-4a9c-96bf-17808f8ad9b8-cutout_PN.jpg,aPit
data - 20230425_121910-e247fa36-81ae-4137-9104-8674916290b9-cutout_PN445.jpg,pus4ss
data - 20230425_122550-cdb3f94c-54dd-434b-beeb-6ac85b8b0d57-cutout_MZ951.jpg,aLoraSH
data - 20230425_122550-f747cfad-a9ab-4690-97ea-2491f24fc217-cutout_MZ951.jpg,Mz.oY
data - 20230425_122750-13e384a0-5a77-4dbb-b286-be74c3227003-cutout_BB522.jpg,—BBS2Z
data - 20230425_122750-ae917321-744e-40bd-86ef-773c05bd8aca-cutout_BB522.jpg,—Eo—SOBR522
data - 20230425_122750-e0318e5f-2420-4b90-97b7-132b289ec210-cutout_BB522.jpg,—_—8522
data - 20230425_123546-25a6f3f2-9e9b-4c29-a9a1-cfd421c44076-cutout.jpg,"va,ee)"
data - 20230425_123546-42af99ad-0f5a-455d-b1a6-508788fa3911-cutout.jpg,A
data - 20230425_123546-d9d55fc1-d2d2-412d-90e4-00b12aaff39e-cutout_43.jpg,Be de
data - 20230425_123615-1b2eb523-e364-46c5-8247-494d0cea3e29-cutout_OK861.jpg,“TKGaT
data - 20230425_123615-e36122bf-dc5d-447a-8181-f72496a44aac-cutout.jpg,2# =—
data - 20230425_123759-05894283-a178-4f60-89df-570189333f03-cutout_US771.jpg,Sm
data - 20230425_123759-6f57ffbf-fa2a-47d5-a345-3ab3eed89e43-cutout.jpg,
data - 20230425_123759-b23ebbd4-ed8b-4f43-919b-7da5b1e2be64-cutout_US771.jpg,I — i.SS
data - 20230425_123931-8ac1bb26-a312-4bf4-a82b-8cc247a73b02-cutout.jpg,beta
data - 20230425_124311-2c95fd17-0a69-4edd-87fd-34142af92a45-cutout.jpg,
data - 20230425_124311-2dd1c2e8-87bd-4907-8927-9a5cbacef978-cutout_VF532.jpg,WS
data - 20230425_124311-6c0ea261-fe3b-4548-bc7d-31f492e1b983-cutout_VF532.jpg,WES32
data - 20230425_124624-ee620594-b78c-4d01-a9c2-bd6112ffdb9d-cutout.jpg,a~ ae
data - 20230425_124713-35f842e6-ea82-4f2d-8ac6-fde491b69c6b-cutout_VN456.jpg,———-VN4565
data - 20230425_124713-567a1e3c-5bc7-48a9-9197-865fa59f3700-cutout_VN456.jpg,eSWN456
data - 20230425_124713-e6ac8165-c929-4ae5-b422-cf9ad837b745-cutout_VN456.jpg,—vu4ase
data - 20230425_124738-02c73223-0133-4832-b4ee-1e38b85a25cd-cutout.jpg,vanes————_
data - 20230425_124738-0ce49463-f965-489b-ba57-c71c16a76152-cutout_XA379.jpg,%A3TS
data - 20230425_124738-8a765f5a-455d-4f45-9350-b1702e9ec099-cutout_XA379.jpg,MASTS
data - 20230425_124738-9cfb92ec-5cf4-4df8-ba42-15f9df14f0b1-cutout_XA379.jpg,¥A3TS
data - 20230425_124738-ac168fa2-5ff6-46a7-ac6d-9672cb1ba62e-cutout.jpg,eraPeetbtts  .
data - 20230425_125253-3b08e237-5bb8-4ef3-87f9-8ebc64111da7-cutout_SK649.jpg,SKE.
data - 20230425_125253-64b02de5-2795-465a-8946-9557184537ad-cutout_SK649.jpg,Skea
data - 20230425_125253-984392db-6b0c-4969-bdf6-d82f78810ef2-cutout_SK649.jpg,
data - 20230425_125412-3bbad5c9-66ad-4c68-83b2-819b9c6277a7-cutout_HM375.jpg,"ass,="
data - 20230425_125412-92eba494-a380-47b5-93a9-14e8f41f62f1-cutout_HM375.jpg,—Ro
data - 20230425_125536-54a9c17f-2709-49e4-b2b6-7485a78b9d60-cutout_XC381.jpg,
data - 20230425_125536-d00a9174-084d-40ae-bfd7-9e25a482800e-cutout_XC381.jpg,eo= —9
data - 20230425_125536-d02063df-1f57-41d2-9da5-b055fd5994af-cutout_TB357.jpg,TB357
data - 20230425_125809-10ad9b2f-abfc-4132-8f26-f94f7991283f-cutout_KU731.jpg,KU TH
data - 20230425_125809-8b4006b8-12b1-47c9-a10e-8d7ccba67c00-cutout_KU731.jpg,KU THT
data - 20230425_125809-b33f09b1-9972-47ce-b511-96f630b9b351-cutout_KU731.jpg,KUT
data - 20230425_130452-2d9d085b-b4d2-46de-8188-914b9658506a-cutout_KP347.jpg,Wu
data - 20230425_130452-341e1718-2685-4503-98da-83bd8eb388d4-cutout__KP347.jpg,yw.
data - 20230425_130538-344047a5-163c-45c7-b651-1e9948d2d312-cutout.jpg,=
data - 20230425_130640-1f456b21-eb18-469c-9f61-f35a4e325ab6-cutout_SN405.jpg,Qo
data - 20230425_130640-246bbed2-cbe7-4949-a8cb-bf20f8861a3e-cutout_TV591.jpg,cm
data - 20230425_130640-a2036085-eb4c-4256-99e7-649586dcb60c-cutout_SN405.jpg,@S
data - 20230425_130640-b0d76299-581a-4fb3-93a1-c211c0b13c0d-cutout_TV591.jpg,cy
data - 20230425_130640-cea24083-edcc-41cb-92ba-a5c4529fc4a6-cutout_TV591.jpg,cm
data - 20230425_130808-76029a71-7a76-4866-8bb0-5916d044aa7e-cutout_X.jpg,—X
data - 20230425_130808-a89b2c24-dd46-4c00-9849-bda8f273ef60-cutout.jpg,"—-=""belie:"
data - 20230425_130808-e19ce648-5f11-458a-9173-c9820ff26cfd-cutout_XR417.jpg,———eXRA17
data - 20230425_130939-092859f6-93f5-4024-9cd8-b12d04ddf211-cutout_IF459.jpg,Wso
data - 20230425_130939-36f94b36-1dee-4ebb-854c-cc3643c7fd4b-cutout_IF459.jpg,asp
data - 20230425_130939-6d8f7e98-7136-42f3-a465-ebd2cdd00a4a-cutout_IF459.jpg,Feo
data - 20230425_131039-1d8d9603-97b2-43ae-ae33-83697e66cd50-cutout_WN664.jpg,WHBG4
data - 20230425_131039-65690bd3-f6c0-43df-915d-696184c6bbd6-cutout_WN664.jpg,WiiG4
data - 20230425_131039-8c6b69b9-b916-48c2-b4c5-cda90c097bdc-cutout_WN664.jpg,WHEG4
data - 20230425_131039-df5dab83-d09b-47b8-9eb8-68093ecc19d5-cutout_WN664.jpg,Whig
data - 20230425_131235-653dac3c-59ac-4fd3-8cb7-d2851b23a2a1-cutout_OX661.jpg,
data - 20230425_131235-679d260e-2854-4ea6-8be7-d393ee3a213f-cutout_OX661.jpg,Ta
data - 20230425_131235-7498350f-5960-40aa-b370-7e03196564ca-cutout_OX661.jpg,~ OT
data - 20230425_131235-cc758251-2f6a-43ca-8fba-7deb06d870ea-cutout_OX661.jpg,———oR
data - 20230425_131601-0505846a-3b72-43d8-b522-090f7378715f-cutout_PN446.jpg,aWakag<2
data - 20230425_131601-552210e4-d7ad-4875-b32c-f6d2c6cd133d-cutout_PN446.jpg,haas—_
data - 20230425_131948-2df0dbd4-ebc1-499b-b504-0cb9a495f3b8-cutout_WJ805.jpg,——— aea
data - 20230425_131948-4b9b1344-fe93-4047-91f9-ed70ae91e624-cutout_WD384.jpg,some \e»» 0= :—
data - 20230425_131948-7833710b-af45-4041-9d5b-edc4af7ab3d6-cutout_WD384.jpg,
data - 20230425_131948-96d7e74a-ad85-49bd-baa3-92d26c166aea-cutout_WD384.jpg,\a
data - 20230425_131948-a44e4aaf-de76-4f0a-a0b8-0da35f5f6083-cutout_WD384.jpg,a1)
data - 20230425_132339-33ed441b-7294-434b-a5d1-bf20fad035d6-cutout_CM695.jpg,<r
data - 20230425_132339-4d385714-07e9-41b9-9b4a-93b70dd04a5e-cutout_CM.jpg,>)
data - 20230425_132339-a5eb75f2-7830-4bb1-9ed5-73daee0b212d-cutout_CM695.jpg,<< .
data - 20230425_132339-df583655-312e-4821-ad29-0279a7c1e279-cutout_CM695.jpg,<
data - 20230425_132521-4422e10f-c13f-4b30-bf72-3f5cf5188f46-cutout_EJ79Z.jpg,ES7SZ
data - 20230425_132521-453ff83d-4d56-45c6-9e86-f4e22067886b-cutout_SL658.jpg,
data - 20230425_132521-9b7a8bd1-6fb9-4d6e-837c-d726a06c6ad4-cutout_EJ79Z.jpg,Es79z
data - 20230425_132750-996838dc-a425-49b6-8726-2310b05a7b12-cutout.jpg,re
data - 20230425_132750-ab3a7685-d506-411e-ae50-b47dca4c4906-cutout.jpg,we
data - 20230425_132802-38e3945d-19cb-4c73-a48a-9a53f8c37180-cutout_CJ375.jpg,asSs
data - 20230425_132802-813e54e8-dc31-4315-bbfd-bf2f6a3393f4-cutout_EJ79Z.jpg,"eeAsa,"
data - 20230425_132802-c8a8a992-084e-4ad6-8f6a-169b8a83c207-cutout_EJ79Z.jpg,F -a .
data - 20230425_132840-0983ae9c-0d78-4768-aac3-a0e94e00f9cd-cutout_VI871.jpg,
data - 20230425_132840-6ac3e03a-abe5-4d99-bc6e-9abd9fff612c-cutout_VI871.jpg,ver
data - 20230425_132840-9fe31d3b-418c-433c-b537-05701d8af17f-cutout_VI871.jpg,
data - 20230425_132919-0dfac379-8eab-41e4-afec-547ac950ca69-cutout.jpg,a Cis
data - 20230425_132919-1c89cc79-f07b-464c-b40a-afa97f4bcb09-cutout_FB397.jpg,——ce IF
data - 20230425_132919-4a000e08-8845-4297-a540-8d8ce1820080-cutout_FB397.jpg,—_—_—e.Sf IT
data - 20230425_132919-75819777-7296-4315-b199-1cd83af48bcc-cutout.jpg,ey
data - 20230425_132919-98d4bdc5-650b-4ed0-b915-c6e594a12543-cutout.jpg,": : —: 3 — == See een— ie ——>s -i a= = el =ee eeoy —el cas feaie,=> Mae —-ates Serge aisFa ear—— :"
data - 20230425_133231-410c1b8c-f04b-4c4f-85e3-3cc08458cdc6-cutout_KU731.jpg,KUT
data - 20230425_133231-5dea1409-91bc-4bd0-b01a-60a4af487391-cutout_KU731.jpg,a
data - 20230425_133231-e00e6ec7-a6c5-4695-a619-c8003075fb63-cutout_KU731.jpg,KUZGI
data - 20230425_134025-086f832c-009d-4f65-ad77-b5c0c1e46f61-cutout.jpg,ao
data - 20230425_134025-70ddad50-1666-4357-a2bd-b22db86f91c8-cutout.jpg,—enenan
data - 20230425_134025-7837e3fe-a2c5-4ec4-b450-c573af2d4166-cutout.jpg,
data - 20230425_134025-ed55062a-574b-4ae6-8995-7c5273ecb971-cutout.jpg,"or~"""
data - 20230425_134200-42601708-6c3e-4c7d-ab31-355c1b4ef6c6-cutout_CV451.jpg,ow—_—
data - 20230425_134956-83053222-ba85-4dbc-b703-8897ba4a5581-cutout_H.jpg,fi
data - 20230425_134956-d55db779-6e55-45a0-b3f9-1da575741108-cutout_HD677.jpg,a0 577
data - 20230425_134956-e4a4fc83-95f5-48d1-9dab-7fdbe7f201c3-cutout_HD677.jpg,HOB77
data - 20230425_135010-460aa0b9-e8d7-4d30-b72b-1a26722bc06d-cutout_JG111.jpg,—GTi
data - 20230425_135010-72562178-4a46-4f9e-8859-a7f0e607dc1c-cutout_JG.jpg,———IG
data - 20230425_135010-df6c7ff5-48b3-4552-94db-e0e9ee47d67c-cutout_JG111.jpg,————ig™m— ~—
data - 20230425_135456-4a2feb0e-0093-4294-80d2-470436ca72a4-cutout_WG866.jpg,ee.>
data - 20230425_135456-56cb1f55-69c3-489c-b1b2-aefd7c125086-cutout_WG866.jpg,—~ ————=
data - 20230425_135456-6b4df844-adfa-4fd6-8914-e27403c30390-cutout_WG866.jpg,—
data - 20230425_135456-cb70fce9-83a5-4505-9111-577ba2137e2d-cutout_WG866.jpg,Ssi
data - 20230425_135700-0b00e7fd-4151-4a73-a351-94df91c3538b-cutout.jpg,
data - 20230425_135700-dbaf070c-d2e1-42f3-848d-dea4ab632ba1-cutout.jpg,
data - 20230425_135854-1ed9f8cd-08bb-491b-a55c-f561213ce489-cutout_XX383.jpg,——_
data - 20230425_135854-824923b8-0eef-4ead-8c3a-10a9539d4a31-cutout_XX383.jpg,ee
data - 20230425_135854-be604a28-f3bd-4537-a5c0-d8b14d7210c7-cutout_XX383.jpg,-—_
data - 20230425_140213-7c0b4bbf-cc82-4153-b563-5a3ba9ce650b-cutout_SP352.jpg,
data - 20230425_140213-d4f2e51b-0e15-44e2-83f5-fa701594e109-cutout_SP352.jpg,a
data - 20230425_140213-e1565aa1-c8d4-4f0d-a19b-75956ad7131f-cutout.jpg,hea
data - 20230425_140746-a13230fb-824e-43c2-bd48-a88027902d49-cutout_KZ670.jpg,Wag”
data - 20230425_140746-e7628e79-0dd6-4b16-96b7-84238423eb44-cutout_KZ670.jpg,nn tsKz6i19
data - 20230425_140850-11face75-a0cc-4533-aa27-53bdfeb6bbe8-cutout.jpg,.
data - 20230425_140850-30469b2e-4116-49fa-adf8-24bf7503b960-cutout.jpg,
data - 20230425_140850-b0736ee9-8c25-4786-a602-2c7864ad284a-cutout.jpg,ecg
data - 20230425_140930-4a56c0d6-0be4-4f0d-9c84-fe4a18bc4f31-cutout_JB482.jpg,Ije agl
data - 20230425_140930-f151c5bb-05f9-4eb2-98e9-701d3e9ea134-cutout_JB482.jpg,aeWy ee
data - 20230425_141151-6447daac-4c2d-499f-9742-a4fb4f6ea87d-cutout_P.jpg,Pt
data - 20230425_141151-7b7917cd-e14e-493b-91f6-686149eac731-cutout_PW776.jpg,pw77e
data - 20230425_141151-f4614c04-64cd-4347-a950-3a3fa52f757b-cutout.jpg,eur=e AL.
data - 20230425_141500-01513393-9b71-4a82-9740-831a63e76e82-cutout_FC579.jpg,———_FES 19
data - 20230425_141500-4b9a44aa-8705-4130-803c-474cb51e3267-cutout.jpg,i.
data - 20230425_141500-6f5e970e-65e7-41f9-8764-4f6b0067dfc8-cutout_FC579.jpg,=aFoot
data - 20230425_141500-73d32953-e23d-45c1-a327-fb0cd90525e0-cutout_FC579.jpg,> aE
data - 20230425_141500-bd0feb22-6410-49e9-aaf9-65c9d2beaac9-cutout.jpg,"Merton,Fig"
data - 20230425_141513-16632765-84a8-4363-b91a-e4b952276a55-cutout.jpg,tim
data - 20230425_141513-5dbfa0de-1cd1-4071-82dc-738017ba9f7c-cutout.jpg,Vimy
data - 20230425_141513-b6a56dcc-e443-4f93-8445-b03f769ae29d-cutout.jpg,.ay
data - 20230425_141856-497d3982-e049-4c63-9c57-1971c074dcc9-cutout_AFE717.jpg,- __AFPEFTIN -
data - 20230425_141856-7aa287d2-9024-48e6-a2fb-ffe4945cc5a9-cutout_AFE717.jpg,> _—_ AFEFIIN «=
data - 20230425_141856-d2076674-59bd-4f48-b5f3-b8aa1c304647-cutout_AFE717.jpg,AFEF TFN
data - 20230425_141856-dd783bbc-b2e5-4106-afd8-46f1555c8be1-cutout_AFE717.jpg,
data - 20230425_141856-f086175e-dd01-47f3-9dce-e1213b3b1f65-cutout_AFE717.jpg,AFETIFN =
data - 20230425_141941-897b2cca-b119-44f5-a65f-253fdae86898-cutout.jpg,
data - 20230425_142018-0358b37b-0318-44cf-9f2b-eed060ae47c1-cutout.jpg,
data - 20230425_142018-0a1f248f-e7d0-443f-9d66-f31d0cbd0929-cutout_QZ779.jpg,an ee
data - 20230425_142018-3992e141-7ead-405e-8cd6-6c6b9b8fba80-cutout.jpg,=
data - 20230425_142018-40ee0d03-29bf-4d61-986b-e641d453a370-cutout_QZ779.jpg,ee
data - 20230425_142018-d01333e9-a77d-4ab7-9ba4-9bdababaa5b5-cutout.jpg,_ ee~ ee
data - 20230425_142049-38b37654-d174-4386-a4e7-14f769031a1f-cutout_UR898.jpg,
data - 20230425_142049-e6d8ea0f-7dc4-4a9e-b904-04503aac0d28-cutout_UR898.jpg,UR 895
data - 20230425_142059-0e1219b8-81ff-4236-8264-cdec3a5ca48d-cutout_KX608.jpg,Oa
data - 20230425_142059-5b2073a3-b74d-4185-8d75-fa124f9caa5f-cutout_KX608.jpg,Pe =
data - 20230425_142059-65f4e79e-e253-4910-bff1-31222475b97a-cutout_KX608.jpg,aT
data - 20230425_142059-7f6bed61-3f6c-4a23-ac81-df78d8e52e9b-cutout_KX608.jpg,“ti
data - 20230425_142059-f67104e4-8121-4bb4-a364-ba66f0c09aca-cutout_KX608.jpg,rete
data - 20230425_142122-0a4abb0d-fd4b-4658-b5d3-c2480b7f3eea-cutout_UA677.jpg,
data - 20230425_142122-0de8725c-5877-4070-819f-458808175d6e-cutout_UA677.jpg,—
data - 20230425_142122-ae7f933b-c9cc-4521-9024-6391fa13b7b5-cutout_UA677.jpg,pn a<a
data - 20230425_142122-dcc956d2-6eb4-4894-997f-18a109c901d3-cutout_UA677.jpg,it
data - 20230425_142149-1617a19e-4a86-43f9-9b3c-38444fa0de82-cutout.jpg,——-—_
data - 20230425_142149-7db3d7c1-ce2e-40fd-9fe6-7e28f0bb5708-cutout.jpg,————_ -
data - 20230425_142149-f54877f3-c340-4d61-b575-fc61ec7519b9-cutout.jpg,tieSapo —_—=i—ee
data - 20230425_142159-0ffdf1fb-a37b-49ad-82e3-bce710547186-cutout_UD768.jpg,—_ 2yo7ss
data - 20230425_142159-168433b2-61bb-4a4f-b970-d8af7472680f-cutout_UD768.jpg,yo76s
data - 20230425_142159-a9eb26d0-e8ab-4378-99a8-445125c06efa-cutout_UD768.jpg,—— eeeyore
data - 20230425_142224-1a9b2f3c-76a1-4d3a-9c43-7d51ab185ac5-cutout_WR307.jpg,i z
data - 20230425_142224-da2b1851-3bac-47a9-bb0a-1349fb696c39-cutout_WR307.jpg,else
data - 20230425_142224-e5028ed8-9ee3-4c7c-80b3-b0a2b92b9e07-cutout_WR307.jpg,Renpiu
data - 20230425_142327-2be53f34-11da-4666-b634-2c48cbee4f90-cutout.jpg,
data - 20230425_142327-39a7fa4d-7119-4ed0-9c1d-9631aa3b67d1-cutout.jpg,th
data - 20230425_142327-8f863e19-3565-4305-be97-a741fad3a5a4-cutout.jpg,> ae
data - 20230425_142327-bb1773bd-aa7e-4c43-a358-4c68d631eb08-cutout.jpg,i
data - 20230425_142327-efdcc15e-c723-4239-9fcf-b9c26e658b64-cutout.jpg,_ ih as
data - 20230425_142738-6fe74486-f9e4-4030-86ad-f233f6ba1bda-cutout_KZ670.jpg,anKZ670
data - 20230425_142738-8dde2220-323e-42b5-bcb8-40ad669315a0-cutout_KZ670.jpg,ee aKZ670
data - 20230425_142916-c03e2ffd-3136-4ee3-86c5-d8f27d5ed9ff_-cutout_LE781.jpg,alsareeOE b-
data - 20230425_142950-3f0c0cba-9c8f-4a31-af1e-bd660cd4e012-cutout_HW949.jpg,— —_————
data - 20230425_142950-7529b94f-6629-4b82-ab16-17405fd53606-cutout_HW949.jpg,——
data - 20230425_142950-e094787c-e2ac-4dfd-8a84-85d647563f4f-cutout_HW949.jpg,—
data - 20230425_143007-87c15d85-a89f-45c6-b430-b4a286ec5b91-cutout.jpg,* —
data - 20230425_143007-aec345b3-f4ff-49c6-b4c2-85ce69aead7b-cutout.jpg,ee
data - 20230425_143045-3f715a8f-3539-428b-a3fe-5b5c89cdc25a-cutout_JN437.jpg,—————jN437
data - 20230425_143045-4a7d084f-f929-40bb-9def-6e8f06e384ad-cutout_JN437.jpg,———jN447
data - 20230425_143134-58503a7a-2597-473a-8326-af3dc00275bc-cutout_DD441.jpg,: “
data - 20230425_143134-aebef9b6-fa23-4b9d-95a4-7e9b817ed1b0-cutout_DD441.jpg,
data - 20230425_143307-4698117e-ebbc-477a-96cb-9058c0578e06-cutout_NS565.jpg,a————<——ANS
data - 20230425_143307-abdaf81a-0e6d-4ac0-abc7-e9e05936a4f3-cutout_NS565.jpg,WS SHS———
data - 20230425_143307-df1aeb0e-86b7-41a4-8a5e-cc2e9f92a9e6-cutout_NS565.jpg,anSRE—
data - 20230425_143526-7781ad82-40dd-46bd-9ecc-ef0f51b2d5ca-cutout_WM479.jpg,rscy
data - 20230425_143526-8068a99b-bf4e-40a0-a5de-9d7dfc8dbee4-cutout.jpg,". sere.: 3 A one)’ : - =,— > i ee}~ —————y . & ,== = bs,<< ; a et 2? S eaae Ra 7SETS, 975) « = .ame | ~hetees -=e te %—— — * =aSS oe"
data - 20230425_143526-d3e26838-34f4-45b3-8006-4fad7edd3506-cutoutcutout_WM479.jpg,aa
data - 20230425_143611-1ff0b095-1f1d-4267-b0fa-8e7a506b5ef9-cutout.jpg,
data - 20230425_143611-66cbff1a-d7f7-474f-a6c2-55f50b96f8f9-cutout.jpg,——
data - 20230425_143611-6b7ed379-0edf-4aec-86ae-01a1b71f2d57-cutout.jpg,as
data - 20230425_143611-972e5ef2-c489-4faa-b171-809536558e17-cutout.jpg,=
data - 20230425_143752-67b145b8-7271-426c-bebc-c5d70a546c12-cutout_XB574.jpg,“¥B574
data - 20230425_143752-6d8daac9-916f-447a-91b1-7617585e3507-cutout_JX3.jpg,ee
data - 20230425_143752-8f4a839c-8997-46d6-a1f1-7b01926d72f0-cutout_JX347.jpg,Ke
data - 20230425_143752-bae3195f-1424-4fe3-aa58-b7639ae0b159-cutout_JX347.jpg,2oe eee Pamomni — SS - aa . = — —— —-> ~; Seen = = —S= SSS ==.g ae Sea = ——_ ae— : OS eet eeBe” en We a =: A [= 2= _~ >=6 ra= ———_ :
data - 20230425_144016-2fdcee40-0b5e-4b7f-a50a-246dd3fc0a9b-cutout_TZ380.jpg,
data - 20230425_144016-8d5c6b50-e4a6-45c7-ba27-9e1177db6dea-cutout_TZ380.jpg,El
data - 20230425_144038-1625a345-8c0f-440f-b76c-f5678653cd51-cutout_DJ903.jpg,
data - 20230425_144038-a81a2dc9-fe79-4121-ac35-d52161dfa184-cutout_DJ903.jpg,
data - 20230425_144227-1fdfe851-927c-4a8b-abbf-42ed84672c8c-cutout_XG806.jpg,Coe
data - 20230425_144227-3918f312-adb9-4b7c-a7d6-9f4eb82c13b9-cutout_XG806.jpg,Ce
data - 20230425_144227-7f33a002-c81b-4211-a90f-c20dbb38b351-cutout_XG806.jpg,=aar——
data - 20230425_144633-5024e288-f25f-461b-983e-5cf96cc2d47b-cutout_WL856.jpg,
data - 20230425_144633-a27a368d-4aa1-41b3-9258-8f0aef80f8f6-cutout_WL856.jpg,S&S
data - 20230425_144633-eca47452-d5e5-4e4a-931b-f80e08be26c4-cutout_WL856.jpg,
data - 20230425_144721-1cad0300-9520-47ce-be4b-a405b15eaaf4-cutout_QZ779.jpg,oe amE75
data - 20230425_144721-20d66161-66ae-4a79-ba96-fc5abc7f2af1-cutout_QZ779.jpg,=
data - 20230425_144721-be8ad091-7e63-40d4-98a6-b3898713221e-cutout_QZ779.jpg,4 >= 2
data - 20230425_144721-f6f646d5-da47-4e5a-96e4-5b2677b5ff7f-cutout_QZ779.jpg,SS
data - 20230425_144857-3f6e7b01-c119-4db1-ab27-a8149732d5c8-cutout.jpg,Tha
data - 20230425_144857-5c9f82dd-bf0b-44df-9dd3-420c58eb9dad-cutout.jpg,"alos tak ar ae<2 eales att ees <gon ti Siee “ailoS a ea ay,oe ye: eae"
data - 20230425_144857-a745b510-cf9f-4194-86c0-84eca2bb0a5e-cutout.jpg,—oa—+
data - 20230425_144857-f65f8ddd-b3c8-4efa-8662-b4f71a1a6b51-cutout.jpg,. ee edeh) ee
data - 20230425_145100-0167d445-21ab-4eee-9130-17f0ee02d3e1-cutout.jpg,
data - 20230425_145100-a87b6a2f-8629-4002-b820-0af73678cbc2-cutout_NZ900.jpg,oa
data - 20230425_145100-e921dc5f-cb42-43a5-8f75-4fbe5d7eff5f-cutout_NZ900.jpg,118
data - 20230425_145120-3a0eb90e-94f6-4f61-a5dd-d882684ba3bf-cutout_WX333.jpg,
data - 20230425_145120-6e7c3b89-0161-4fff-ac2d-aa23214171dd-cutout.jpg,
data - 20230425_145120-aa635ebc-de0d-42f3-9552-b5f81b4c614e-cutout_WX333.jpg,
data - 20230425_145120-f7ab9707-ea31-42bf-a8d8-39cd34ef70f8-cutout_WX333.jpg,Os
data - 20230425_145152-78f46764-528b-46ba-afcf-13eb9d1e2747-cutout.jpg,
data - 20230425_145152-edc119e9-a148-486b-b4e3-7c4fd17b24cb-cutout.jpg,
data - 20230425_145152-f43900af-b026-475e-9bdd-fe70c79aef80-cutout.jpg,-—
data - 20230425_145330-59068fca-9aed-405e-b410-07ac6d5a7e00-cutout.jpg,oo ull
data - 20230425_145330-9c6727b0-c961-4e7e-b625-eefebc409f3f-cutout.jpg,ON
data - 20230425_145551-1f0da68f-8c1b-41aa-a4d0-003aa0824968-cutout.jpg,
data - 20230425_145551-365e28ea-6670-4e49-aa21-daf8f25dabc0-cutout.jpg,
data - 20230425_145551-419005f7-135e-4751-ae2f-622d09e00fee-cutout.jpg,
data - 20230425_145551-49ecc992-8357-4a4a-a937-0d60b8783391-cutout.jpg,tim
data - 20230425_150329-78e67ebe-b432-447e-95b3-64cb205ebad4-cutout_PJ529.jpg,PLa25
data - 20230425_150329-90ddd25c-af36-4a2e-8346-f79c8a45caa6-cutout_PJ529.jpg,; Ps 529
data - 20230425_150921-a428a927-3cb3-4bce-b096-0c3695249018-cutout_JV827.jpg,Wiz?
data - 20230425_150921-f9910e65-8af6-4453-8ae2-b893be2e8da1-cutout_JV827.jpg,a2
data - 20230425_151554-4063193f-20d2-4853-85ae-7d77a9e59a0e-cutout.jpg,—=
data - 20230425_151554-5a4bb60e-e954-4962-b4a1-cfcc78db00a3-cutout.jpg,
data - 20230425_151745-98e88ca0-e9b7-4611-9af0-8400bd38b7f1-cutout_RF523.jpg,OOif = y
data - 20230425_151745-aed7e8ed-0fff-46f6-ac87-81087da42286-cutout_RF523.jpg,<a so
data - 20230425_151915-5075a064-4c32-4b14-b148-eecfd4ee911f-cutout_VI582.jpg,Wi5q2”
data - 20230425_151915-679d8398-2d0a-4972-94e2-b1d636818553-cutout_VI582.jpg,i — 2
data - 20230425_151915-ac4bed31-073b-4545-906a-347fc264b85f-cutout_VI582.jpg,"aa,"
data - 20230425_152119-0cb874a5-6de0-4bf3-a45a-fc8832dc244f-cutout_NS464.jpg,NS-464_
data - 20230425_152119-e0405a39-9b14-4d3f-8907-35b902d04109-cutout_NS464.jpg,NS4gg
data - 20230425_152119-fd2030b1-a814-4a0d-973f-830fcab00ad7-cutout_NS464.jpg,NS-464
data - 20230425_152219-11fd4fc8-c19e-4b80-9e04-d32778ed1aee-cutout_KM375.jpg,LORE—~
data - 20230425_152219-95432d9f-c89f-4065-9130-91ed942b76c0-cutout_KM375.jpg,CSAS
data - 20230425_152738-7f866c13-170f-4cd2-9609-ed5fbe4ca99c-cutout_WG810.jpg,"""wea—"
data - 20230425_152738-e598ecbb-f501-48fb-8f6f-1ed6ba38ce96-cutout_G810.jpg,
data - 20230425_152738-e5cc7c87-cbbb-431f-9894-431a31d6ffd1-cutout_WG810.jpg,ee]
data - 20230425_153032-4828cf39-72fe-4baa-b0c4-ab68772c61a0-cutout_XA567.jpg,| XA567
data - 20230425_153032-d4398874-3fa2-4b8e-95d0-e3952265bccc-cutout_XA567.jpg,XASE7 ~
data - 20230425_153127-97abbbb1-f5a9-4a0b-bbbb-190feb88c39d-cutout_RN644.jpg,CCRN Cha
data - 20230425_153138-8bbdd59b-60c5-4d69-9c62-e4466dce9d37-cutout_RN644.jpg,RN 644
data - 20230425_153552-b6dc6421-25d4-46e7-a9df-44fad180ab5c-cutout_MF357.jpg,——
data - 20230425_153552-beb4d63c-d569-4cfe-af72-7366b3fa082f-cutout_MF357.jpg,
data - 20230425_153552-e31c1619-3ea0-4363-bc98-ee0ce0dca71e-cutout_MF357.jpg,=r
data - 20230425_153712-20eaa898-826e-453d-87ab-e47d3a92bf47-cutout.jpg,i
data - 20230425_153712-a08fd7de-226e-49f1-a953-052f6ff93371-cutout.jpg,oe
data - 20230425_153712-c2f71b92-9401-4a94-8956-89e78d3cbf1a-cutout.jpg,i—
data - 20230425_153738-1d92fc7f-adbe-4415-971c-85da0855c426-cutout_KD416.jpg,KDa6
data - 20230425_153831-73ac6007-df85-4210-b924-af9f857e2555-cutout_WD250.jpg,<<wo 250
data - 20230425_153831-be270453-debb-40da-9430-6dbcc5246627-cutout.jpg,a30
data - 20230425_153902-0635f1d0-016d-4ae8-ae73-58c1e2fbcca9-cutout.jpg,a
data - 20230425_153902-322a07ce-d4c0-471d-af83-8d1fbe23fee4-cutout.jpg,_-a
data - 20230425_153902-8638eeca-1032-4cc9-937c-b786c89ce08d-cutout.jpg,_
data - 20230425_153902-b661dbda-3eca-4a47-abdc-21fea028196e-cutout.jpg,= eoZe
data - 20230425_153902-d6defe3d-8f5d-4b47-a54b-3f0faae08725-cutout.jpg,— et-aa
data - 20230425_153941-4326d65a-ffdc-4ea1-9364-af4a933bf170-cutout_RZ438.jpg,” 37438
data - 20230425_153941-5d322503-cbed-4c8f-acaa-f3f88dfd77fc-cutout_RZ438.jpg,azase
data - 20230425_153941-6b0ca6c2-e5b6-46d5-a0ba-e8e0c24702a0-cutout_RZ438.jpg,” 32438
data - 20230425_154009-b92dca8e-c323-460f-9dc5-f775c38d4207-cutout.jpg,——Ure
data - 20230425_154247-4786f285-f311-462c-a51c-ee7be1d6c94b-cutout.jpg,“s
data - 20230425_154247-847adcf7-8cc9-4f7a-9bcd-b6f2043d2ce7-cutout_JM332.jpg,M32
data - 20230425_154247-a2eef92a-0eaf-43b8-abb3-62adc02ecddf-cutout_JM332.jpg,IMD?
data - 20230425_154444-595e07ae-ac45-4348-9c8a-5b97fa26acfc-cutout.jpg,eS Eeip ee ———— —5S SSS SSSee = — aeEe — aSS ee .PE SS=== SS ——= peSSS— 7— —— ale :——. f- — ar LS
data - 20230425_154444-72918714-90e9-4057-a8a6-286d7201b294-cutout_WM479.jpg,
data - 20230425_154444-8e2b585b-3073-439f-95cc-a747a9b27e4a-cutout_WM479.jpg,@
data - 20230425_154601-45b852a9-b018-4e4c-af40-fd85fd93b742-cutout.jpg,
data - 20230425_154601-7a845792-f61f-4f3b-9a07-9e6afb87c150-cutout.jpg,"gga eSSE =SS - SeMii ee make aR_ LS f oe —- = = ~—wsaiesae’, ~~ eee — ee— ———Se[rE — =ee. = —="
data - 20230425_154601-9cb6b529-5bca-4195-b3ab-2316bd4e9daf-cutout.jpg,——H———— =
data - 20230425_154816-26aabcd9-c536-46ba-baf2-d7d2f8cf466e-cutout.jpg,a_—
data - 20230425_154910-02a99cbc-a0b9-4353-88b1-e2d9633533b5-cutout.jpg,"""hy"
data - 20230425_154910-51c20c19-0fd3-4673-bc46-8426deee35d4-cutout.jpg,ely
data - 20230425_154910-8a99aaaa-4eb7-495c-b2b0-e5eb008e738a-cutout.jpg,
data - 20230425_155158-7dd9be45-1c7a-46e4-99eb-993679f1f934-cutout.jpg,ais¥e4y
data - 20230425_155158-d14ad0fa-652c-4631-97b2-89c15b1b2668-cutout.jpg,"—""iny"
data - 20230425_155329-2f9e3ca6-5aa8-4265-a175-60e3ca29fc74-cutout_GJ833.jpg,aISS
data - 20230425_155329-9b4f45d1-0768-4a75-9e19-dcc05c58ee01-cutout_GJ833.jpg,SeGAS
data - 20230425_155454-bdadccfd-fd7f-4678-a4b2-354e74349495-cutout_XM555.jpg,_—
data - 20230425_155454-bf34ccd3-691a-4cb0-bf55-c30c0593849b-cutout_XM555.jpg,grt:
data - 20230425_155454-fee00586-f0f7-4a09-8a60-61a42a3c302b-cutout_XM555.jpg,
data - 20230425_155714-25038c43-8ff5-4a72-a266-c23229576e73-cutout.jpg,aWits
data - 20230425_155714-8119b63b-7a3e-443e-a093-8d6cc8fbf7a0-cutout.jpg,"""1S"
data - 20230425_155714-d9ade801-b89e-493e-bc95-063736b39c9c-cutout.jpg,SaWES a
data - 20230425_160018-1b90d314-517b-40dc-a967-adf30539039e-cutout_MX811.jpg,MX O11
data - 20230425_160018-5c842247-50c2-413d-b8e4-380e1f0dcdcf-cutout_MX811.jpg,MX 811
data - 20230425_160109-5c656a62-1387-4b59-85cf-a666766297e6-cutout.jpg,WiLpR;
data - 20230425_160109-f2c019a3-4283-466c-9449-67e94ea776bb-UL580.jpg,aOLSEOC
data - 20230425_160256-2ffc33af-d252-474b-bf5d-d1fbeed5514f-cutout.jpg,IBM707N
data - 20230425_160256-3fe2b025-9360-4b54-b761-bace8be22dfb-cutout.jpg,—__LTT
data - 20230425_160256-ea1b365c-4fef-4a40-aadf-da582efa17e0-cutout.jpg,IBMTO7N
data - 20230425_162352-28a877e0-89f4-4d87-ae80-eb37c549b7fa-cutout.jpg,
data - 20230425_162352-4f98dd7b-f505-4b66-bc51-f2bdd22bb393-cutout.jpg,
data - 20230425_162352-dcaa7377-a9ba-4bc9-acbc-633f4a1da55f-cutout.jpg,Ta
data - 20230425_163743-52423512-6b72-4cf6-a4c0-537a25232bcf-cutout_PM660.jpg,—ESPMB EL
data - 20230425_163743-ea779c37-c83f-4a1b-b2b4-8713a3bd03e5-cutout_PM660.jpg,ESFD
data - 20230425_165006-2c74f42f-6648-4859-8829-298e84b1f92a-cutout_JB574.jpg,ST STE
data - 20230425_165006-cd8f0411-31ec-436d-9689-1d3c8203788c-cutout_JB574.jpg,ee
data - 20230425_165006-cfce0385-b905-4129-8b0b-013445edbbcf-cutout_JB574.jpg,ae
data - 20230425_165243-8574b1c3-af6d-4e79-9d57-30ec2b7c5549-cutout_MY744.jpg,uy 7
data - 20230425_165243-aba331ab-fbb0-4ee5-b7ae-e71bead87609-cutout_MY744.jpg,"MY 735"""
data - 20230425_171704-31e2b01e-b4a3-46ca-a795-91ac706421a8-cutout.jpg,
data - 20230425_171704-cecd4524-48d4-42e1-8cb8-7d5a8f2b9a2b-cutout.jpg,
data - 20230513_101656-0b230222-70c4-4491-a0bf-297ed89fde11-cutout.jpg,Waa)
data - 20230513_101656-2056076e-01b8-414e-a1d3-16115a2a33e8-cutout_UM941.jpg,wan
data - 20230513_101656-331572ee-5cd6-4840-867b-ad47005d27c8-cutout_UM941.jpg,wan
data - 20230513_101656-d269938d-9ba0-4c27-b671-7ec01163ef96-cutout_UM941.jpg,Waa)
data - 20230513_101919-9e80b69e-05db-400e-9878-70812db39272-cutout.jpg,Ss
data - 20230513_101919-a0d46b35-ef93-4a56-aebc-62919196d83c-cutout.jpg,Ss
data - 20230513_101919-b242f7d7-e39d-4037-8502-eb0056c993a9-cutout.jpg,=
data - 20230513_101919-f712718c-3e53-4257-9b72-0a14635925ac-cutout.jpg,=
data - 20230513_101950-0b4bf62f-5c9a-47a8-9648-6edcc35363db-cutout_FV447.jpg,
data - 20230513_101950-634c412e-d936-4e7c-893c-42adac69d77a-cutout_FV447.jpg,
data - 20230513_101950-88521219-07f3-4a03-85a6-84a6560d953c-cutout_FV447.jpg,
data - 20230513_101950-fbcab49b-eade-45f4-8c0c-2cf5fb9919a4-cutout_FV447.jpg,
data - 20230513_110423-0fe314d6-6a27-4b23-8224-51d39e768571-cutout.jpg,Peaa
data - 20230513_110423-ad09bada-751f-458e-8945-6649d7290531-cutout.jpg,Peaa
data - 20230513_111203-2eabaed4-46cc-474d-aa4f-ca06d3331ee3-cutout.jpg,eS—
data - 20230513_111203-74b23766-238a-49d8-b355-2456f8998b02-cutout.jpg,"SS""oe"
data - 20230513_111203-abae0740-dba5-4b8b-9bec-9ed5cad51371-cutout.jpg,eS—
data - 20230513_111203-fa24aa52-8ded-436b-ae1e-ec7519f0381f-cutout.jpg,"SS""oe"
data - 20230513_111220-7e7a818f-e448-441a-8ad7-abb357f6d84d-cutout.jpg,"———""at *"
data - 20230513_111220-9dc6d70f-385a-4bf8-bbbb-ffdd0a2e6a8d-cutout.jpg,ae IIIT
data - 20230513_111220-a32c88b9-c5e0-42fa-981e-c44667bdc1ea-cutout.jpg,ae IIIT
data - 20230513_111220-c764cc0d-437c-41b0-ab1d-e525be16b00a-cutout.jpg,"———""at *"
data - 20230513_113743-954cd75b-b123-46a7-b921-ddd406e7324f-cutout.jpg,2247
data - 20230513_113743-b93ba7b4-40f3-47cf-b458-a22371150643-cutout_LT224.jpg,Waa
data - 20230513_113743-fb272bd1-b5e8-495f-a6b6-55937b3ce54a-cutoutcutout_LT224.jpg,2247
data - 20230513_113743-fffa5150-f0a2-40f0-9eb5-6c29f00638b4-cutout_LT224.jpg,Waa
data - 20230513_113956-214e184d-8bc2-41cc-a2d9-54f80123ed62-cutout_KR998.jpg,
data - 20230513_113956-269f1320-920d-47d8-9970-7daa0c5710b3-cutout_KR998.jpg,
data - 20230513_113956-5d52bfea-5616-4f77-9c46-8a14d4dfcf5a-cutout_KR998.jpg,
data - 20230513_113956-6e9ccf86-2c8f-43f5-a9b0-9993e0bdbbc0-cutout_KR998.jpg,
data - 20230513_114157-68833835-017c-4fb8-8762-c55c976e5813-cutout.jpg,
data - 20230513_114157-6b1b1d02-5a0b-4d3a-a1df-d98b075ee1bc-cutout.jpg, 'Reeg®RED
data - 20230513_114157-9ce25ac4-04db-447b-8398-7ec8b50db69e-cutout.jpg,
data - 20230513_114157-d257fc18-d69b-4346-82ab-ca9ea760885d-cutout.jpg, 'Reeg®RED
data - 20230513_114757-0713e86f-2b0e-4e71-bbe9-db24d5fe7c8a-cutout.jpg,510 Spigzy—
data - 20230513_114757-20901947-3881-4a76-84ba-e0c74eeee51e-cutout.jpg,oN
data - 20230513_114757-3eda6ace-e46a-4c15-8b02-91065946e25f-cutout.jpg,"Ba,5"
data - 20230513_114757-571fe5e2-e15e-4ec3-9cf7-879169b89f4a-cutout.jpg,510 Spigzy—
data - 20230513_114757-944d8896-2bdd-4c4c-a9c3-6463ce492a35-cutout.jpg,"Ba,5"
data - 20230513_114757-a98a645c-7d8a-45c5-a9a0-cc5e9d1b56b3-cutout.jpg,oN
data - 20230513_114826-0f423958-7cde-48ef-87de-63e489700efb-cutout_VY589.jpg,>?
data - 20230513_114826-114848f2-ae1c-4d67-92bb-630898929d8e-cutout.jpg,>?
data - 20230513_114826-6ca7fef1-1421-47e7-aec2-a2ffed8c0f0d-cutout.jpg,Pe“ESS
data - 20230513_114826-70b2b42a-3bf7-4dfc-86a0-f5d4c44cc3ef-cutout_VY589.jpg,Pe“ESS
data - 20230513_114826-c758a07f-457e-4df5-8da4-25210143acc7-cutout.jpg,——
data - 20230513_114826-de00ccd9-1a5e-4bb7-b2e7-d3aaed8e28d2-cutout_VY589.jpg,——
data - 20230513_115257-43195698-57f5-4b5a-b0b1-71e0ba511b4a-cutout_TU737.jpg,vUrSy
data - 20230513_115257-47913ec0-2201-41cf-9ca0-985765caee04-cutout_TU737.jpg,vUrSy
data - 20230513_115257-7e8e3030-6145-4066-9f2e-57a43a45e501-cutout_TU737.jpg,
data - 20230513_115257-8ebf1c3c-68c8-4965-8344-2dd9471b31de-cutout_737.jpg,
data - 20230513_115257-9d494b6e-bfd1-4784-ae69-4e84bd16bbdd-cutout_TU737.jpg,=
data - 20230513_115257-bce04851-ec1d-4150-b0d7-fbe9dd0e82ed-cutout.jpg,
data - 20230513_115257-c799778b-ee1f-473b-980f-2fe01965c498-cutout.jpg,
data - 20230513_115257-f00bf45c-259a-48d6-b78c-c9c5213469f2-cutout.jpg,=
data - 20230513_115917-0d403853-d2c9-40b7-a75a-d84bf3d96c0d-cutout.jpg,~™A
data - 20230513_115917-1e07d438-42a4-4dbe-8f7e-c02655c33ba6-cutout.jpg,==
data - 20230513_115917-472f1f08-f9fb-41c1-a81e-d8e040f4fb0e-cutout.jpg,==
data - 20230513_115917-66072543-d91c-42e8-8d1a-878fd4b0c604-cutout.jpg,~™A
data - 20230513_115917-e777d80e-4853-4de5-97be-3f1ab2eb7eee-cutout.jpg,
data - 20230513_115917-ec31ad72-91fb-48c8-8c7b-855aff63eebc-cutout.jpg,
data - 20230513_120927-32eb58ed-b9f2-480f-a5ba-ce76ed3dd12c-cutout.jpg,aa 9
data - 20230513_120927-3f2ac0dd-6298-42e2-af7d-a7103ff81995-cutout.jpg,a— =
data - 20230513_120927-3f800149-e41d-4116-8df4-3e091eef62a8-cutout.jpg,a— =
data - 20230513_120927-d0c1845e-f4fc-473b-a06a-11b254e88ff9-cutout.jpg,aa 9
data - 20230513_121136-0882e0e4-f3e1-42e0-b087-e16adbe3280c-cutout.jpg,
data - 20230513_121136-1e9a9035-266e-45f3-8832-1ce2ab917138-cutout_WG496.jpg,
data - 20230513_121136-4583398d-1c09-46e5-a342-d6a64519bbcc-cutout.jpg,
data - 20230513_121136-9f022f6c-42e0-4ef1-a34d-ea75d2cf89c1-cutout.jpg,
data - 20230513_121136-a6a0403c-a303-4319-a73a-c1aba0cca60d-cutout.jpg,
data - 20230513_121136-eb886b64-ef24-449c-bcff-076825e07413-cutout.jpg,
data - 20230513_121136-f75c527a-119d-4b53-b678-d1320876ec11-cutout.jpg,“S)
data - 20230513_121136-ffe89e03-730e-471e-af56-e24dce52a0cf-cutout.jpg,“S)
data - 20230513_122758-02798c06-5918-482c-a2b7-017922fc8a8e-cutout.jpg,WSRSS
data - 20230513_122758-1651c400-b5ef-4fd4-a608-779f1f370aef-cutout.jpg,"epee es ‘as zi : .ase, er) ean = aeSe el i eeeeg yn oe SS c—a i preee :SS S —ee Sy. ae w== ie a = Se =>= a +=)-4 EI wi We —_~ aS =— a y hs ane ee"" —— ene : ; = ;Pe -_ et = +4 =— ————— ge—— Te = _ ~ yf —i = A ere= ——- ac, a = =.ae ee = =SS Ee YN"
data - 20230513_122758-254ee48f-a4a6-4dcc-b110-b6adfcb91f0f-cutout.jpg,WSRSS
data - 20230513_122758-2c202a6d-d608-4d6a-98e1-d6854b204ec3-cutout_WG496.jpg,aeS&B
data - 20230513_122758-3ab9ac22-2951-4452-b8f2-c6a81ac90b70-cutout.jpg,aeS&B
data - 20230513_122758-3c2bf92d-00ca-47f6-9b0b-ad164f7d5866-cutout.jpg,aB8%
data - 20230513_122758-73c86e0f-328c-4537-8846-cd6d66f20bcc-cutout.jpg,Ww8%
data - 20230513_122758-c4e5874f-4eb6-4cb0-83e9-4b8a03240a19-cutout.jpg,"epee es ‘as zi : .ase, er) ean = aeSe el i eeeeg yn oe SS c—a i preee :SS S —ee Sy. ae w== ie a = Se =>= a +=)-4 EI wi We —_~ aS =— a y hs ane ee"" —— ene : ; = ;Pe -_ et = +4 =— ————— ge—— Te = _ ~ yf —i = A ere= ——- ac, a = =.ae ee = =SS Ee YN"
data - 20230513_122758-d6bce1fe-d11b-477a-b0fa-933bb4dc1125-cutout_WG496.jpg,Ww8%
data - 20230513_122758-e9480e5c-c957-45d5-84cc-7c5239956024-cutout.jpg,aB8%
data - 20230513_122808-056b0873-2439-4676-b5f7-4f07fdfc61d6-cutout.jpg,WSNS
data - 20230513_122808-44990edf-81d2-4ea4-b221-1f53442ec15b-cutout.jpg,NSdS
data - 20230513_122808-5e57afd5-f764-4f3f-a1bd-545794c9534f-cutout.jpg,SsSS
data - 20230513_122808-80396321-7e95-4168-8623-0a2a0e315c91-cutout.jpg,WSAS
data - 20230513_122808-8e0fa1e2-235f-4330-b562-9fb6781ece36-cutout.jpg,WSNS
data - 20230513_122808-b7a1efdb-8f7a-4496-b754-07312ff91e5a-cutout.jpg,WwNSS
data - 20230513_122808-ca636a59-f0a4-4f04-829e-7c56d285493e-cutout.jpg,WSAS
data - 20230513_122808-d60286c3-5140-443b-8181-73a37a16d3a2-cutout.jpg,NSdS
data - 20230513_122808-e9101901-3200-4da1-b909-8290038e6728-cutout.jpg,SsSS
data - 20230513_122808-eba5f3e3-8849-49b7-bffb-150950402d96-cutout.jpg,WwNSS
data - 20230513_122817-0347a319-7c05-4666-ad8a-57c062068ea6-cutout.jpg,a8G
data - 20230513_122817-2e8495b7-31b8-48f0-bd2d-dfc8a06471b2-cutout.jpg,a8G
data - 20230513_122817-5153e01f-8f50-4cb5-9970-0cec44da5170-cutout.jpg,NSISS
data - 20230513_122817-565078d5-b6a2-49ed-a1d8-b116d3a68e7b-cutout.jpg,wsQB
data - 20230513_122817-70fff80a-deec-48bd-a3b4-63c892ba544e-cutout.jpg,WwNS
data - 20230513_122817-84440236-32c7-4117-9e18-c11097072a3c-cutout.jpg,QSQo
data - 20230513_122817-92844438-6e6f-4afe-b064-7db2bdf3acb2-cutout.jpg,WwNS
data - 20230513_122817-976efda5-3cee-490a-b17c-18d18bbf2143-cutout.jpg,NSISS
data - 20230513_122817-aef4a6f0-5846-465b-ba2e-89abed05f959-cutout.jpg,wsQB
data - 20230513_122817-e3111353-2976-4f52-b37a-09556e7ea357-cutout.jpg,QSQo
data - 20230513_122825-11038511-cf10-4cfd-8ebd-6c5fdc2d99d8-cutout.jpg,YSSS
data - 20230513_122825-2fc036c2-fefb-4ff9-a0d8-d3279bcda572-cutout.jpg,WSWG
data - 20230513_122825-3fcf6098-f940-4cb2-8c9e-5970a8cb58c3-cutout.jpg,WSWG
data - 20230513_122825-689fa2d4-204b-40ec-909b-6c1e4240052a-cutout.jpg,QSSY
data - 20230513_122825-6979fd49-5942-4052-b810-aacf041812f8-cutout_WG496.jpg,WwISS
data - 20230513_122825-ad2d9f51-7ea7-4344-89bd-69c9713a8979-cutout.jpg,YSSS
data - 20230513_122825-b1ff7284-1de4-4267-9eb9-7b4330fad7d7-cutout.jpg,NSSo
data - 20230513_122825-d5f35538-e17e-4ebc-ada3-3298cda150de-cutout.jpg,NSSo
data - 20230513_122825-e59f2d82-a379-4648-8068-13c84b1b129e-cutout.jpg,QSSY
data - 20230513_122825-fe2523ae-3d54-4423-b2e9-671b0defb189-cutout_WG496.jpg,WwISS
data - 20230513_122835-1dda7435-f150-4688-87d6-d985eb3ae976-cutout.jpg,<S
data - 20230513_122835-1f9eeb42-0ae6-4f31-8fbf-d0820f1b7683-cutout_WG496.jpg,QSSS
data - 20230513_122835-270ebc4b-27f9-4193-84cd-66925aa10c81-cutout.jpg,WwSH
data - 20230513_122835-2be3b3d9-d812-4821-a76f-edbc1655102b-cutout.jpg,<S
data - 20230513_122835-36ba7790-b683-42e0-9730-04f17ff59b8f-cutout.jpg,WSSy
data - 20230513_122835-406b0aa3-7590-4b17-af44-161cca7a4ccc-cutout.jpg,WwSH
data - 20230513_122835-5d520322-f20d-4249-9801-9e8fcfa97c0f-cutout_WG496.jpg,QSSS
data - 20230513_122835-8cc7ea8e-2bc7-4409-a7cc-5b079468ef01-cutout.jpg,WSSy
data - 20230513_123540-3a03a2d8-8ee1-4d83-9aec-c9d991a70ccc-cutout.jpg,Ti53!
data - 20230513_123540-3e0fdb25-12bc-4432-9b3c-2a853c2f12c3-cutout.jpg,Ti5o!
data - 20230513_123540-3fa8d17d-9d0f-4e38-8c13-e5e49f35f342-cutout_TZ597.jpg,T1531
data - 20230513_123540-41da5a54-6093-4b6e-b015-ce3f1d27d9d8-cutout_TZ597.jpg,T1597
data - 20230513_123540-6ef9d5f8-eec4-484a-9c62-45c30c22a745-cutout_TZ597.jpg,11597
data - 20230513_123540-723ef1d2-8ea1-4c65-8e0d-1a005b4af58c-cutout_TZ597.jpg,Ti53!
data - 20230513_123540-895fa3d4-067c-4ec1-9d3f-89c279c1ce62-cutout_TZ597.jpg,T1597
data - 20230513_123540-b17d3072-5fc6-42d9-be73-6999e0610a67-cutout_TZ597.jpg,11597
data - 20230513_123540-b1b1aa2d-47a5-4c21-8e70-4b70885ab12a-cutout_TZ597.jpg,Ti5o!
data - 20230513_123540-ba0c6162-cec3-4c3c-9b43-f9612fbc2042-cutout_TZ597.jpg,T1531
data - 20230513_124028-083ddbb0-16ab-4161-868a-912bce037bb6-cutout_KZ232.jpg,__
data - 20230513_124028-2632ba83-f49f-430a-90ad-ff70f083467f-cutout_LM95.jpg,—_
data - 20230513_124028-26a56d70-758b-4fb8-9db7-4156f1146b10-cutout_KZ232.jpg,__
data - 20230513_124028-3467a3b6-22ce-4498-9c60-e1fbdb57116f-cutout_KZ232.jpg,__
data - 20230513_124028-5189433c-c57f-41a2-9077-594cb70c933f-cutout_KZ232.jpg,ee
data - 20230513_124028-65e09530-c092-41ea-ac27-24a2842daa89-cutout_LM95.jpg,—_
data - 20230513_124028-7c358ba3-2281-4d20-a9cb-261dbc84b231-cutout_KZ232.jpg,__
data - 20230513_124028-9f60c721-b3b4-4ccf-8d83-721572e32ef4-cutout_KZ232.jpg,a
data - 20230513_124028-c220455d-6d9c-4c01-9586-7504e067e4fb-cutout_KZ232.jpg,a
data - 20230513_124028-e20905fe-a6d5-45ad-b52a-c0aa64b0d6aa-cutout_KZ232.jpg,ee
data - 20230513_144126-0563b78d-8d02-492d-9b4e-60f4a3628bd3-LN388.jpg,uss
data - 20230513_144126-556257cd-2271-4172-9c48-629977cbfb64-LN388.jpg,uss
data - 20230513_144126-56a667d4-f71e-4315-bba4-c33d70427439-LN388.jpg,Luses
data - 20230513_144126-5896e97c-c96a-4444-8280-80f5d9aae247-LN388.jpg,Luses
data - 20230513_144126-862072a1-b810-40c8-a169-2f2d0a0bbc3b-cutout.jpg,aoe
data - 20230513_144126-d97505a2-390c-4fa3-995e-ee4f69e239cd-cutout.jpg,aoe
data - 20230513_144421-1a56ea77-0c46-4cf8-95a5-8eb1d5f07e2b-cutout_VI385.jpg,NBS §
data - 20230513_144421-3201474c-da8d-4f6c-873f-940ad04fc5bd-cutout_VI385.jpg,BES
data - 20230513_144421-8092d0e8-da90-4071-bd9b-40b74a9a7d4a-cutout_VI385.jpg,BES
data - 20230513_144421-c090c902-4b49-468c-8508-0d2f13bcfa45-cutout_VI385.jpg,NBS §
data - 20230513_145149-1e03b4a1-0720-4211-b9de-7aa3a98a786d-cutout.jpg,th
data - 20230513_145149-4a688d0b-4be4-4691-9c7c-93a0e96a0574-cutout.jpg,th
data - 20230513_145820-1b2eb198-fbae-45a4-846e-4138e42762bb-cutout.jpg,
data - 20230513_145820-3f3f42ac-590a-4094-8472-ddab7b7d45a1-cutout.jpg,
data - 20230513_145820-58747c1c-71ee-49bd-9e4c-8c4bd1514eec-cutout.jpg,
data - 20230513_145820-7fe59ccb-8156-45c3-b24f-ce01ba6122f5-cutout.jpg,
data - 20230513_145820-b92d4711-d54b-406c-9f6e-af16ebb0f76c-cutout.jpg,
data - 20230513_145820-ef4b4b7e-6c42-4cf1-8253-0a1fe5cb0f68-cutout.jpg,
data - 20230513_151011-2d9bf316-6e63-4ed3-8c2b-1ba3de57f1db-cutout_VY623.jpg,NYGZS
data - 20230513_151011-a78bad5e-acfd-475c-b2bb-7dd185ff5819-cutout_VY623.jpg,NYGZS
data - PTZ_motion_20230323_160726-0713c8b0-02d9-4b3d-bfe5-f2ba9dad1e9d-cutout.jpg,
data - PTZ_motion_20230323_160726-7e1a5b17-061d-431a-a9b0-7b9c22d0d8f4-cutout.jpg,
data - PTZ_motion_20230323_160726-f4f91c26-42c7-4eed-9907-921337609a66-cutout.jpg,aSS
data - PTZ_motion_20230323_160831-PG978-1593fdb7-28eb-4cb1-95ac-a2ed2749378d-cutout.jpg,——Paom— 2
data - PTZ_motion_20230323_160831-PG978-315fc86d-9896-4bdc-8418-f8ec0596f615-cutout.jpg,Saeoprs—
data - PTZ_motion_20230323_160831-PG978-5b71e8eb-bca9-46f1-8680-8d1388bb3160-cutout.jpg,aPa978—
data - PTZ_motion_20230323_160831-PG978-8fd0ffee-a2f5-4cfb-8eee-71ab80074a18-cutout.jpg,aPuyas.
data - PTZ_motion_20230323_160831-PG978-a35ad3dc-a9a1-4e5e-ba0f-d451130b4f0d-cutout.jpg,"—raom,"
data - PTZ_motion_20230323_161447-ed8ea5d7-a881-404c-a28f-4b83157e30a0-cutout_GF629.jpg,—
data - PTZ_motion_20230323_161540-GF629-7be927c5-5347-44b9-94cb-f0e8870370c4-cutout_GF629.jpg,————
data - PTZ_motion_20230323_161540-GF629-af208ebf-c662-430f-a71e-1ad427caf8c9-cutout_GF629.jpg,
data - PTZ_motion_20230323_161540-GF629-e3217d85-574b-4eef-9350-0a5098ee3f37-cutout_GF629.jpg,
data - PTZ_motion_20230323_161821-6af0fcea-06d7-48a3-9273-d349adaa7c63-cutout.jpg,ae
data - PTZ_motion_20230323_161831-c63a5302-68d0-45e2-ae2d-2e1f727428c8-cutout.jpg,— <a
data - PTZ_motion_20230324_104153-DW573-3a53bb15-336d-4985-880e-36cc400deb7f-cutout_LW573.jpg,——573
data - PTZ_motion_20230324_104153-DW573-586c460e-b640-47d2-b656-b7009ec508a9-cutout_LW573.jpg,—iw3.
data - PTZ_motion_20230324_104153-DW573-d6be73c7-103d-415a-83d3-554ab9199bee-cutout_LW573.jpg,EJ
data - PTZ_motion_20230324_104204-6414cdbf-4a3c-4001-85e7-2412eef1a2c9-cutout.jpg,——Wwbey
data - PTZ_motion_20230324_104204-df5fefb2-fa89-4fa8-b598-5232f580f81a-cutout.jpg,——biEs
data - PTZ_motion_20230324_104504-5c720e86-9f56-49a0-af8e-5160741da0cd-cutout.jpg,
data - PTZ_motion_20230324_104504-fdd652fc-4e27-4ce4-9b52-b3ca4786ebf6-cutout.jpg,
data - PTZ_motion_20230324_105255-VW873-08351ef1-c2ce-4d97-b1b9-61a74f6b4b35-cutout_VW873.jpg,wwar3
data - PTZ_motion_20230324_105255-VW873-1d35e07b-f98c-42d7-882e-c92e80661b0f-cutout.jpg,
data - PTZ_motion_20230324_105255-VW873-b09cfb10-6797-4f99-a312-001d110b8228-cutout_VW873.jpg,waa?
data - PTZ_motion_20230324_105255-VW873-e97d6fab-59ca-4ddb-80d6-b38cb91fa3c3-cutout_VW873.jpg,vwa7s
data - PTZ_motion_20230324_110038-LW573-44f9f407-1d42-47b2-9072-76365d581de4-cutout_LW573.jpg,—WwS73.
data - PTZ_motion_20230324_110106-LW573-3d2b660e-3819-4732-9ef3-2eeec67c3502-cutout_LW573.jpg,—(DY(a
data - PTZ_motion_20230324_110106-LW573-6f9c8359-c946-4adc-b492-02dcd8ead3d2-cutout_LW573.jpg,———_ofr]
data - PTZ_motion_20230324_110106-LW573-8a682401-f6db-402d-9859-56b469bef575-cutout_LW573.jpg,——_—TI
data - PTZ_motion_20230324_110550-a2a6d5cf-2c1b-431c-9ca7-e311352bca0d-cutout.jpg,
data - PTZ_motion_20230324_111914-46b4a7c0-f38f-496f-955b-fcbc784b1afa-cutout.jpg,=
data - PTZ_motion_20230324_111914-52501978-7294-43de-8ea5-5373225e3d7d-cutout.jpg,"SES,"
data - PTZ_motion_20230325_080708-167baaa3-bbc8-43ed-97f2-70a019e768e6-cutout.jpg,%
data - PTZ_motion_20230325_080708-5450b70b-a4d5-4e8c-a0fd-a1953ade0b52-cutout.jpg,——a
data - PTZ_motion_20230325_083314-334b49c4-3038-482a-a522-f02450f86b0c-cutout.jpg,
data - PTZ_motion_20230325_083314-4956abb8-b35c-45d8-a840-42bd01280e63-cutout.jpg,
data - PTZ_motion_20230325_083314-55fdaf71-ea81-4eb9-8f05-4fdd16e331fb-cutout.jpg,
data - PTZ_motion_20230325_083314-7a027f3c-1083-4e6b-986e-8d5c3f6d2c6e-cutout.jpg,
data - PTZ_motion_20230325_083314-aa9a3f4c-fcc5-431c-babd-62d5cb5ae680-cutout.jpg,
data - PTZ_motion_20230325_090414-aa61b879-c8b8-4f33-b380-6c87ab2f6234-cutout.jpg,ee
data - PTZ_motion_20230325_090414-d0e9ebf1-780c-46bc-9f58-24b0b9f7c4a8-cutout.jpg,
data - PTZ_motion_20230325_090414-ff7e5afe-2a37-402d-91b6-883572794b8a-cutout.jpg,—_—— _
data - PTZ_motion_20230325_094116-0cd1961b-a209-4b38-b73c-91b6fb447f18-cutout.jpg,A
data - PTZ_motion_20230325_094116-32da96eb-ae69-4643-b63b-4fa136625003-cutout.jpg,a
data - PTZ_motion_20230325_094116-832b4a5d-202f-48c0-88c8-8525bd2a8611-cutout.jpg,Se
data - PTZ_motion_20230325_094116-94aa2f7e-44e5-4988-94f0-1b9e4d755fd9-cutout.jpg,Th
data - PTZ_motion_20230325_094116-af6fb788-f97a-4c52-913a-61811458be1b-cutout.jpg,a)
data - PTZ_motion_20230325_094129-059b6c60-5212-41c7-913b-768ce6afa499-cutout.jpg,TAT
data - PTZ_motion_20230325_094129-250ea699-9141-4937-a3ed-f067941be6c9-cutout.jpg,Ww
data - PTZ_motion_20230325_094129-2a9070e4-b619-458e-9835-119bb4c95360-cutout.jpg,Tey
data - PTZ_motion_20230325_094129-72dc487e-d7b6-47c0-a3eb-7518db6011e3-cutout.jpg,Wry
data - PTZ_motion_20230325_094129-e48f8e5c-f836-4adf-83c2-6fee4ce67989-cutout.jpg,
data - PTZ_motion_20230325_094138-6064bac7-d3a6-4d5f-b65c-fc95364ac3d8-cutout.jpg,
data - PTZ_motion_20230325_094138-83329b1b-dc08-4655-a255-d69d94c6affe-cutout.jpg,———
data - PTZ_motion_20230325_094138-dd58974a-c60d-4ad6-87c0-9ed4b0cac702-cutout.jpg,
data - PTZ_motion_20230325_105002-494420ee-410c-42fa-8112-642608a57056-cutout.jpg,
data - PTZ_motion_20230325_105002-997850a1-71e8-4701-891b-0dd3756c6e6e-cutout.jpg,—
data - PTZ_motion_20230325_113544-7f3a7ecd-6d37-498e-afdc-f1d86736a9e0-cutout.jpg,
data - PTZ_motion_20230325_113544-a7ae85d2-2e6a-48b3-9580-843381b60045-cutout.jpg,_
data - PTZ_motion_20230325_113544-ed199f9a-d197-4a96-a348-62269640120b-cutout.jpg,—_
data - PTZ_motion_20230325_124315-ba981434-5d05-4464-a7e4-85e180cacb2c-cutout.jpg,iy
data - PTZ_motion_20230325_124315-e6dce7e0-e768-4a7b-aa0a-8d3a70cab2e3-cutout.jpg,‘tng
data - PTZ_motion_20230325_131219-1dd998c6-6c77-435e-b159-1428bedbebfc-cutout.jpg,ee_ 06692
data - PTZ_motion_20230325_131219-8ecdf423-4578-4c49-94e6-f2c9770a0980-cutout.jpg,W683
data - PTZ_motion_20230325_131219-db3b9009-5966-4e34-94a0-89cdce3c2aa4-cutout.jpg,tity
data - PTZ_motion_20230325_131219-f72033b9-61d8-4351-9578-1a0b5ef3d555-cutout.jpg,_ eas
data - PTZ_motion_20230325_131833-2feeed78-2c82-4d55-991d-b427a1f78a1a-cutout.jpg,we
data - PTZ_motion_20230325_131833-9635a72e-fdc3-4f2b-9de4-7b3429c09aae-cutout.jpg,ry
data - PTZ_motion_20230325_131833-e2ddf4d6-34db-4113-bbf4-5a9edee0cbbe-cutout.jpg,ry
data - PTZ_motion_20230325_133531-72935937-dae0-406c-9327-8781f7412b4a-cutout.jpg,-—
data - PTZ_motion_20230325_133531-ae8cf29f-ea3d-4c51-80c9-8fec5dd15cc7-cutout.jpg,
data - PTZ_motion_20230325_133531-b4525288-720f-4672-a449-819943cc8005-cutout.jpg,
data - PTZ_motion_20230325_133531-f3002118-eff6-47bc-a993-22f15d159c22-cutout.jpg,
data - PTZ_motion_20230325_134402-08de6d30-29ab-4f9a-b76c-11fac2767596-cutout.jpg,
data - PTZ_motion_20230325_134402-09bd15c4-d209-4273-919b-e51da3becebe-cutout.jpg,
data - PTZ_motion_20230325_134402-389dbc7c-1db0-4cc0-956d-4aa38510d86b-cutout.jpg,
data - PTZ_motion_20230325_134402-c517cab9-2eca-4168-b82e-cf1a5503de86-cutout.jpg,Aa
data - PTZ_motion_20230325_134402-ec320f0e-8fa1-4b9f-bac2-d78a7952a858-cutout.jpg,
data - PTZ_motion_20230325_135741-35c07f0a-f870-41b1-8d4c-875cd59526d9-cutout.jpg,
data - PTZ_motion_20230325_135741-b6479f57-f230-4484-86c1-166a7c7973ba-cutout.jpg,fay
data - PTZ_motion_20230325_135741-f82523bc-57cc-4707-ad46-6d5683c3c0ff-cutout.jpg,Cay
data - PTZ_motion_20230325_135741-fe60eab7-10c9-4bdc-bcc1-e5e6c7751b4f-cutout.jpg,—ae
data - PTZ_motion_20230325_142845-d3cbec33-e4c9-4a6d-87fd-b0c7a47310b6-cutout.jpg,Le
data - PTZ_motion_20230325_150733-0e76d7d4-eeb2-4654-9c1e-129f06ff2c07-cutout.jpg,as
data - PTZ_motion_20230325_150733-5195a8ec-31f5-4b61-bfc6-c41619b60154-cutout.jpg,_ iy
data - PTZ_motion_20230325_150733-c1228537-f3af-4742-8738-3d74f9f5d39e-cutout.jpg,
data - PTZ_motion_20230325_150733-def60049-bb66-46af-841c-52401b623f8e-cutout.jpg,Res
data - PTZ_motion_20230325_150742-1be91e5c-e04a-4dad-a672-60b41e2fab98-cutout.jpg,iy
data - PTZ_motion_20230325_150742-76abe6f4-fc04-4c32-bae4-c4b42586eb1a-cutout.jpg,>
data - PTZ_motion_20230325_150742-c969de2b-1f62-446b-91e7-8ac111c14371-cutout.jpg,a]
data - PTZ_motion_20230325_150742-ce158c2c-a76c-4eb6-bef1-3367f9307c2e-cutout.jpg,ie
data - PTZ_motion_20230325_150742-feb959be-c0f5-419e-bada-66d7b20c2378-cutout.jpg,we
data - PTZ_motion_20230325_151407-a57cfe65-6a07-488c-a50a-31887478ef05-cutout.jpg,
data - PTZ_motion_20230325_151407-b2478097-e3a2-4047-aa7f-c17121b96fb6-cutout.jpg,
data - PTZ_motion_20230325_151407-c01d257b-08b4-4480-8535-b5bf33db7a94-cutout.jpg,“aw
data - PTZ_motion_20230325_161738-33174aff-2fe4-4677-801d-3190391e2872-cutout.jpg,
data - PTZ_motion_20230325_161738-bd7c2bc4-29ea-421b-9666-468122d523f1-cutout.jpg,ARGAT
data - PTZ_motion_20230325_161738-f139c26c-9e09-4b98-b9cc-31f19e074dc0-cutout.jpg,
data - PTZ_motion_20230325_161738-f927e634-bfb5-4c9b-970a-a22e79702773-cutout.jpg,
data - PTZ_motion_20230325_162033-5d4deaf8-2129-4436-a69d-6f2c73e7acf6-cutout.jpg,
data - PTZ_motion_20230325_162033-7bd78bbd-93d5-4691-9746-fceaed40538a-cutout.jpg,—T4
data - PTZ_motion_20230325_162033-8ab39f5f-d1df-4192-9d87-fed61b208514-cutout.jpg,
data - PTZ_motion_20230325_162033-e1a70e80-da84-47db-932d-ece158f6c02f-cutout.jpg,
data - PTZ_motion_20230325_162033-f6d273f1-9e14-42bc-85d1-4e2954f142b3-cutout.jpg,—ae
data - PTZ_motion_20230325_164907-577cb071-df0f-499e-ac6b-fae7a871746e-cutout.jpg,
data - PTZ_motion_20230325_164907-5a551dd9-1fff-4cda-aadc-7fe413e722c3-cutout.jpg,
data - PTZ_motion_20230325_164907-e9d365dc-b522-4c12-ae6e-2b6991848f80-cutout.jpg,
data - PTZ_motion_20230326_075138-1a496ba0-9936-40cc-acd8-d3138559ddc6-cutout.jpg,<=
data - PTZ_motion_20230326_075138-3b47a80f-15b6-4059-8f5c-a7491699356c-cutout.jpg,<>
data - PTZ_motion_20230326_075138-3b5a6dc8-fdb1-410a-b6e5-0c7ee193f7bf-cutout.jpg,% =:=
data - PTZ_motion_20230326_075138-4bd5fded-f07c-4ffb-842c-51d64fed836d-cutout.jpg,>
data - PTZ_motion_20230326_080626-04d4ee9c-d106-46aa-bf11-d39795d75984-cutout.jpg,=
data - PTZ_motion_20230326_080626-3dd214f3-bae0-414a-aac8-498fa5ea61e1-cutout.jpg,=>.
data - PTZ_motion_20230326_080626-4234bbbc-f550-41e4-b650-84917009998a-cutout.jpg,—_—==
