images,predicted label,real label
20230403_094217-6172f02f-75df-4e7c-b1dd-90271dfef045-cutout.jpg,turners.,QT869
20230403_094217-96b2f11d-9f00-434c-a838-1fda4136f7ac-cutout.jpg,votes.,QT869
20230403_094217-a33648aa-fda3-40e9-bdf1-f0015b3b129a-cutout.jpg,tombers.,QT869
20230403_094217-ae807121-7d6a-43b2-8193-7e827b93e2eb-cutout.jpg,to raise,QT869
20230403_094217-bbb7f34d-860e-4d1a-aa1d-ac1e06fba1fd-cutout.jpg,outcome,QT869
20230403_103650-RO602-0785a8dc-6120-473b-bb67-1fb528ff7955-cutout.jpg,recisions.,RO602
20230403_103650-RO602-76e89ef5-7e2e-4361-af21-3aaad4bbd1a6-cutout.jpg,room,RO603
20230403_134226-KP369-7a5025b7-c91e-4d88-968e-116b9a37b978-cutout.jpg,1959.,KP369
20230403_134226-KP369-86838dbf-3504-4ffe-8416-b5f0994d9cd2-cutout.jpg,topsongs.,KP369
20230403_141503-KP369-7bbea342-eaf6-4564-8b97-7c3b0f0a3354-cutout.jpg,KPS 69,KP369
20230403_141503-KP369-a7748e94-915f-48b6-91d1-8a56f3641129-cutout.jpg,KP369,KP369
20230403_141503-KP369-dab617b4-e018-4622-867c-67c2901aac1b-cutout.jpg,Kp369,KP369
20230404_101000-WG839-d249d93f-46c3-4a95-ba32-7940cb07aa3e-cutout.jpg,wiggery,WG839
20230404_101000-WG839-f8e12b1d-719e-4dc4-ac24-10d989a68908-cutout.jpg,wiggery,WG839
20230404_111348-CO281-12a3a74f-b7ca-4dfd-9f6c-0ab39dfcb940-cutout.jpg,weight,CO281
20230404_111348-CO281-69030554-e6c1-4fd7-a393-0d0b0340dae9-cutout.jpg,women.,CO281
20230404_111348-CO281-a4449c8b-636e-47b6-8a26-7b5ef02a26ea-cutout.jpg,amnically,CO281
20230404_133514-JK532-213bd499-acc9-4026-b932-234823d0b61a-cutout.jpg,corrects,K532
20230404_140744-XM560-07bf5593-4263-48b9-b851-3825e1a96af3-cutout.jpg,ximission,XM560
20230404_140744-XM560-9d7efce1-a44a-4789-8846-e5865b3b9c6c-cutout.jpg,xMSGO,XM560
20230404_140744-XM560-eab28fcb-0ccf-4fe8-9772-ef2313ab3491-cutout.jpg,xmsgio,XM560
20230404_144545-KM973-2d33b29e-84c8-4573-ae00-cdf60c9967e9-cutout.jpg,wings.,KM973
20230404_144831-4ae27ec9-c48f-4628-b2e7-2aa676302e56-cutout.jpg,towers.,LK303
20230404_150841-WG839-518a5390-f185-47f6-8086-497cddae4d23-cutout.jpg,weggie,WG839
20230404_150841-WG839-f4dc93b5-c968-4e62-9f51-3f5ab56e658e-cutout.jpg,WC839,WG839
20230405_124010-58ee9e47-8e2a-4a1f-bb5f-0807ab522555-cutout.jpg,xansasia,XM560
20230405_125513-18edb71f-3e0e-4388-aa61-d48bbe1b1ff0-cutout.jpg,14802,LH882
20230405_125513-3ca88cd7-6a0b-4c47-b698-5400ae76e9f8-cutout.jpg,14882,LH882
20230406_130821-eccfe935-cb38-4833-ba1e-a335707a1348-cutout.jpg,usage,LH882
20230406_150013-c7b01a29-0649-48e2-8cbb-aad0da5237b9-cutout.jpg,whumming.,UU393
20230406_160556-a229dec9-6305-4aca-86ce-f3d17900f4a8-cutout.jpg,itsa,SHZMANO
20230406_164240-7dafa811-9f50-4af2-bb19-c7e451e9ff60-cutout.jpg,ups 73,WF
20230406_164240-cf810144-9b6b-4130-8734-d2ae07fd3429-cutout.jpg,ups 73.,UQ573
20230407_073326-c919d5ba-99b7-4bb3-8ef6-e845c39d174a-cutout.jpg,fossy.,UQ573
20230407_075721-2c16d2db-d9fe-4c1d-9c0c-305f4a390563-cutout.jpg,WH-889,G-52
20230407_075721-4bf9ea57-94c8-4f85-a0d9-c7bfedc5ed38-cutout.jpg,with-segs.,WH-829
20230407_075721-8f03bad7-c5d6-4d4a-8d13-8dee29946272-cutout.jpg,329,WH-829
20230407_075721-a08fb78e-6b5d-4c29-a30b-187a8fb3b144-cutout.jpg,mitza.,829
20230414_110654-NN544-496f5904-32f0-41dd-aa5e-048afd33dce0-cutout.jpg,nnsa,MH-85A
20230414_110654-NN544-5f458986-0f1c-4df4-9584-653e410b3723-cutout.jpg,ninsa,NN544
20230414_110654-NN544-660bb48f-6323-464f-ae40-477e495012a2-cutout.jpg,nussa,NN544
20230414_111441-XC684-01f59c8e-84dc-4b0f-a38b-b84bf50cded5-cutout.jpg,xcissa,NN544
20230414_111945-GE412-1fb26ef4-4194-4d12-9c47-7da743dd2bff-cutout.jpg,geaiz,XC684
20230414_111945-GE412-5ca872c1-644d-4db0-910c-9599775f1815-cutout.jpg,geate,GE412
20230414_114211-KR507-0d2ef237-9f3c-4976-a158-e059400554a9-cutout.jpg,terson.,GE412
20230414_114211-KR507-5df8d76a-0fe9-42a5-aa7a-d4cfa62b9036-cutout.jpg,messory,KR507
20230414_121940-LN765-10109cc9-90f7-4767-93f8-51589bc32781-cutout.jpg,tutters.,KR507
20230414_124026-13996d30-3727-4e9c-8b13-1af0a12a9165-cutout.jpg,0021a,LN765
20230414_124026-1de1a3a7-c6ba-4da2-a36b-95378b9cacfd-cutout.jpg,08218,B218
20230414_124026-2f7025f9-7c86-49b5-bccc-050f17f96085-cutout.jpg,00210,B218
20230414_124026-54bcbb0d-2c0d-49a8-906f-0e255d4e89f1-cutout.jpg,00210,B218
20230414_124026-fed5f3b8-2964-4caa-843d-2baf65b7069b-cutout.jpg,08218,B218
20230414_161327-WN443-d6cb2993-3164-4714-8224-d2fabf0e31c5-cutout.jpg,WNA43,B218
20230414_161327-WN443-fc49b1c4-0afa-4e5c-bff6-df78a474d078-cutout.jpg,Wnaas.,WN443
20230414_161340-JP428-6ef224b1-8e35-4eff-b25b-50bca19fda0b-cutout.jpg,sp420,WN443
20230414_161340-JP428-7dd7dd01-ff8d-48f0-ae77-613ea4efe106-cutout.jpg,sp420,JP 428
20230414_161340-JP428-9045fc2b-6d83-4830-b81c-cf43ac91987a-cutout.jpg,jp 420,JP 428
20230414_161415-VW767-01422e5e-148d-42b4-b341-1133fd28e007-cutout.jpg,correct,JP 428
20230414_161415-VW767-7c76b988-2f66-42f6-8fb8-ba0f88376963-cutout.jpg,common.,VW767
20230414_161519-VQ750-60371dd3-dc59-4fc0-b98e-0d5b042d5c68-cutout.jpg,nots.,VW767
20230423_133650-546f151e-bb84-41b0-8a79-841b16c419bf-cutout.jpg,mc371,Vvq750
20230423_133650-9534c0a3-2dfa-48e3-9f44-80bdaf9021c0-cutout.jpg,mc371,MC 371
20230423_134404-48733da4-5a93-48c0-9699-2ee3820bdedc-cutout.jpg,qotin,MC 371
20230423_134404-b0ea41bd-a061-4897-bf9d-67c985274440-cutout.jpg,qom,QO717
20230423_134404-b446bf66-fdbd-498b-a0ef-434901641eeb-cutout.jpg,genty,QO717
20230423_134430-1d588e4d-52b6-4682-b4d4-695b223da6eb-cutout.jpg,mmm.,QO718
20230423_134430-7058a827-6b8d-4efc-80da-04e75753fe6e-cutout.jpg,new.,KR007
20230423_134619-6058f87b-b08c-4584-a8f6-a3a5d578263a-cutout.jpg,tinnesse.,KR007
20230423_134619-df9be65e-d26c-4447-99a6-104d9a82650c-cutout.jpg,1942,RR522
20230423_134619-e216b2ca-7b21-4a67-b855-39426e757a97-cutout.jpg,more?,RR522
20230423_135114-3a44f5a0-b873-40bd-b345-437bbb283e22-cutout.jpg,corrects,RR522
20230423_135114-b0b856cf-2abe-4cfb-9579-a4bfe241fa70-cutout.jpg,0 0000,MX811
20230423_135114-b97a7517-9c1b-4898-8eb2-bc484ba8621a-cutout.jpg,processibility,MX811
20230423_135114-d5ad2098-9e59-4a56-9240-4262458fa1a4-cutout.jpg,corrects,MX811
20230423_135832-3456fe54-bb28-4f7a-95e1-a00249efb0b9-cutout.jpg,snustir.,MX811
20230423_135832-3de27b9d-1f32-47e0-94b9-b0e60ca67b6f-cutout.jpg,swartzier,SW571R
20230423_135832-5353b3c8-d5c2-4f58-b17b-71fb5c47ea24-cutout.jpg,snuszir.,SW571R
20230423_135939-bf4ed1fb-4121-43a5-bb4d-c161f46f2f89-cutout.jpg,xessi,SW571R
20230423_135939-f651f7fe-46d8-46c3-8191-265332071969-cutout.jpg,week.,X8559
20230423_140648-058b8e3b-631a-4286-bbb0-232cde819d33-cutout.jpg,denmark,X8560
20230423_140648-0c57e886-8725-49ba-a3fa-41ee1376187c-cutout.jpg,curses.,LE726
20230423_140648-aa32ceda-0ab9-4daa-8f67-c5ec188eaaba-cutout.jpg,menzo,LE726
20230423_142856-fb394e85-f14b-44fb-9a58-37572e19f80a-cutout.jpg,fitzy,LE726
20230423_151454-061d222c-d584-4336-ace0-1721aee44876-cutout.jpg,wigs,RJ921
20230423_151454-390abd49-0edb-4fe7-ba96-16684b01a03a-cutout.jpg,wigsongs,WG866
20230423_151454-80593db8-d7b7-4527-8eee-c23c73eb423a-cutout.jpg,migsigning,WG866
20230423_151454-9d353c8e-a6d0-4c2a-b2f3-112a852375fd-cutout.jpg,message,WG866
20230423_151454-ac9d88f0-bb25-45cc-8686-23f59a011d67-cutout.jpg,wigside,WG866
20230423_155817-8c5080b4-27ad-44bc-8ba8-7d2009a3cede-cutout.jpg,processions,WG866
20230423_155817-a9a0e778-8f8a-4d65-8aa7-3b18a3fab77d-cutout.jpg,necessary,MX 811
20230423_155817-fc87106d-52e1-4c3a-9db2-9367538cf31c-cutout.jpg,appearance,MX811
20230423_163029-8f083454-da5e-4e6a-9bfe-6e0004dce135-cutout.jpg,US 77.,MX.811
20230423_163029-b0abe0a2-afaa-4f5d-9c71-f0e20d882ed9-cutout.jpg,uszn,US771
20230423_163029-bdcb8f4a-4626-4136-af86-68e19a239132-cutout.jpg,iuszzi,US771
20230423_163029-dbcc3f38-b18c-43b2-a03e-fa41778c5e6a-cutout.jpg,us 77.,US771
20230424_132744-4942d1ac-7145-4da5-8564-5d3678f4459d-cutout.jpg,innistry.,US771
20230424_132744-52f4c3f4-823b-4ecd-9bc4-e2e3f8e664ea-cutout.jpg,winning to,WM478
20230424_132744-f2c0e97d-ad11-49b4-a3af-1aee108ff6a1-cutout.jpg,un-maltic.,WM478
20230424_155118-0a777c71-ddb0-434a-beb4-8b4e5219fb55-cutout.jpg,immers.,WM478
20230424_155118-d421dd77-6cac-4838-8355-4f513f6776f3-cutout.jpg,firsted.,VW363
20230424_162054-af7e86a0-472c-4e24-9df9-1436228b8cc2-cutout.jpg,offegg,VW363
20230424_162054-b022cc8f-e53f-43cd-8f19-fb9587f69139-cutout.jpg,effoss,GF959
20230424_162054-d2f14c04-5ac6-4063-ad26-b675b6b6b645-cutout.jpg,gfs,GF959
20230425_074209-9865e001-dcdc-496f-93d4-97844ac5556a-cutout.jpg,np320,GF9
20230425_074209-b2f2cbd7-865d-4cb0-b174-9403634eaf55-cutout.jpg,np320,NP320
20230425_075306-4f2d1046-a193-478a-a9a5-2b1372db198d-cutout.jpg,ridge.,NP320
20230425_075306-7c8b54b3-b357-4249-a7d2-79d97b78cbed-cutout.jpg,address.,RQ648
20230425_104917-bea465f4-ca71-4093-9108-173ad8bc2113-cutout.jpg,wigs.,RQ648
20230425_104917-feb5b228-4c98-4521-8c55-b0c0dadf10e6-cutout.jpg,wives.,WL880
20230425_105640-ae4469ff-4c70-4d0f-a39b-5facbaa8b105-cutout.jpg,sibbs.,WL880
20230425_105640-be433a0a-13c6-49e9-a24c-9714722e4b9d-cutout.jpg,sibbs.,SI886
20230425_110020-71d34997-7f0f-4ec4-905b-8b861a9492f1-cutout.jpg,toho,SI886
20230425_110145-535929ea-93c9-4615-8c3f-5cd6a94ed9bb-cutout.jpg,mc371,TCH8
20230425_110145-87798dc0-938e-4dc2-8090-07fb4b2c2679-cutout.jpg,mc371,MC 371
20230425_110145-d9b06e83-e05e-4280-8c88-390fec2f73e3-cutout.jpg,mc371,MC 371
20230425_110408-935c939b-e9b5-4bfe-bf28-5890bf842e8b-cutout.jpg,weapon.,MC 371
20230425_110408-b0a84ba1-0d3c-481e-9172-b32e1acf085c-cutout.jpg,message,LE800
20230425_110713-2f333bdf-c04b-40ba-9a08-b1b304ec6044-cutout.jpg,suryia,LE800
20230425_110713-40c38724-b2de-42da-98c2-1fc24db6b55d-cutout.jpg,slymy,SL713
20230425_110713-7c014f91-3ae8-4d3d-9a09-664f7b5bf1ed-cutout.jpg,asl,SL713
20230425_110713-fbc58904-4307-4cf4-bee4-6de0f298704e-cutout.jpg,sults.,SL713
20230425_112110-faa757c3-5995-490f-94df-2433b91d21ee-cutout.jpg,tremo,SL713
20230425_112757-b784d318-92d0-44ca-b92d-307d5a4c5080-cutout.jpg,success,UJ740
20230425_112757-c535fd5c-703a-4be9-a705-4d350f22299a-cutout.jpg,success,UN 898
20230425_113503-075e8a96-31c1-419d-90ce-5bdaaa05a11c-cutout.jpg,minaso,UN898
20230425_113503-2878c6a7-004a-4f04-9fae-7791303a43ba-cutout.jpg,mass,VN459
20230425_113503-4692452a-1c2a-4dca-84cd-85c1eec822f7-cutout.jpg,imimsy.,VN459
20230425_113516-02426f1c-b103-4487-a520-6716c6599c7b-cutout.jpg,0g486,VN459
20230425_113516-6a501d2c-e777-45f8-8afa-581a771356d5-cutout.jpg,oggies.,6486
20230425_113516-a9989dd7-1141-4428-be56-15dc622f09f3-cutout.jpg,oggies.,6486
20230425_113847-6b1cdc1c-a1e5-482d-a8e0-02d60a627dd4-cutout.jpg,tt,6466
20230425_113847-e633769a-a82a-414c-80ba-a9a32367dde3-cutout.jpg,gusse,76
20230425_114115-200fb08a-64fe-4a8c-98e7-392cef8ff777-cutout.jpg,spokane,GJ 508
20230425_114115-4b0816a5-12a5-4cea-878c-ee547b3864bd-cutout.jpg,immune,KW412
20230425_114525-2548d995-f0b0-479f-85d0-9203ae71a63e-cutout.jpg,nfadia.,KW412
20230425_114525-8f3094ba-2266-4e3c-bb64-128ffec8137a-cutout.jpg,nf2oA.,NF204
20230425_114525-e4e3ef1e-218b-4f2e-81d2-2601d3ca17a1-cutout.jpg,NF204,NF204
20230425_114541-7b5ee697-0c2a-44e7-8199-a139c9f151f6-cutout.jpg,turn,NF204
20230425_114541-d2550932-3212-49b7-88d0-c7e55404f0b8-cutout.jpg,mmm,UL580
20230425_114541-ecc8d767-6643-4a80-b3e5-798b9fcfe7db-cutout.jpg,mmm,UL580
20230425_114858-36baff6a-2d73-4d10-900f-e51163fbd36b-cutout.jpg,sussed,UL580
20230425_114858-c8f61cd7-2114-4310-b767-649962ace390-cutout.jpg,sures.,JU364
20230425_120057-02425695-11d9-4d85-a67c-2dc39df854b8-cutout.jpg,mazza,JU364
20230425_120745-390c4709-5c8b-44c0-bb89-a726ab7d6010-cutout.jpg,"""",WO205
20230425_120745-499c5de4-7fc2-451d-b8c3-844ef7b0111f-cutout.jpg,wisser.,WH536
20230425_120916-4ef968de-5f4f-480d-9ec6-0a76fa52138a-cutout.jpg,mz238,WH536
20230425_120916-7a864a37-e4f5-461f-abbd-16dc1569cfb8-cutout.jpg,mz238,RZ438
20230425_120916-d42ae74c-7d13-4baf-a124-67edd18739ef-cutout.jpg,wirsey,RZ438
20230425_121910-ac50f0c8-52bb-4a9c-96bf-17808f8ad9b8-cutout.jpg,0,KK592
20230425_121910-e247fa36-81ae-4137-9104-8674916290b9-cutout.jpg,process,PN
20230425_122750-13e384a0-5a77-4dbb-b286-be74c3227003-cutout.jpg,impere.,PN446
20230425_122750-ae917321-744e-40bd-86ef-773c05bd8aca-cutout.jpg,impere.,RB522
20230425_122750-e0318e5f-2420-4b90-97b7-132b289ec210-cutout.jpg,impense,AR522
20230425_124311-2dd1c2e8-87bd-4907-8927-9a5cbacef978-cutout.jpg,treated,8R522
20230425_124311-6c0ea261-fe3b-4548-bc7d-31f492e1b983-cutout.jpg,successes,VF532
20230425_124713-35f842e6-ea82-4f2d-8ac6-fde491b69c6b-cutout.jpg,mass,VF532
20230425_124713-567a1e3c-5bc7-48a9-9197-865fa59f3700-cutout.jpg,opposed,VM456
20230425_124713-e6ac8165-c929-4ae5-b422-cf9ad837b745-cutout.jpg,corrected,VN453
20230425_124738-0ce49463-f965-489b-ba57-c71c16a76152-cutout.jpg,mazy,VN453
20230425_124738-8a765f5a-455d-4f45-9350-b1702e9ec099-cutout.jpg,mass up.,XA379
20230425_124738-9cfb92ec-5cf4-4df8-ba42-15f9df14f0b1-cutout.jpg,exasts.,XA379
20230425_125253-3b08e237-5bb8-4ef3-87f9-8ebc64111da7-cutout.jpg,# since,XA379
20230425_125253-64b02de5-2795-465a-8946-9557184537ad-cutout.jpg,strongers.,SK649
20230425_125253-984392db-6b0c-4969-bdf6-d82f78810ef2-cutout.jpg,""" Strong",SK649
20230425_125536-d02063df-1f57-41d2-9da5-b055fd5994af-cutout.jpg,successively,SKG49
20230425_125809-10ad9b2f-abfc-4132-8f26-f94f7991283f-cutout.jpg,meitzer.,TB357
20230425_125809-8b4006b8-12b1-47c9-a10e-8d7ccba67c00-cutout.jpg,reunion.,KUZH
20230425_125809-b33f09b1-9972-47ce-b511-96f630b9b351-cutout.jpg,menteen.,KU73H
20230425_130808-e19ce648-5f11-458a-9173-c9820ff26cfd-cutout.jpg,screst.,KU731
20230425_130939-092859f6-93f5-4024-9cd8-b12d04ddf211-cutout.jpg,these,XR417
20230425_131039-1d8d9603-97b2-43ae-ae33-83697e66cd50-cutout.jpg,troubles.,F459
20230425_131039-65690bd3-f6c0-43df-915d-696184c6bbd6-cutout.jpg,turnings.,WN664
20230425_131039-8c6b69b9-b916-48c2-b4c5-cda90c097bdc-cutout.jpg,truppers,WNG64
20230425_131948-2df0dbd4-ebc1-499b-b504-0cb9a495f3b8-cutout.jpg,tunnery.,WNGG4
20230425_132521-4422e10f-c13f-4b30-bf72-3f5cf5188f46-cutout.jpg,estaz,W0305
20230425_132521-9b7a8bd1-6fb9-4d6e-837c-d726a06c6ad4-cutout.jpg,estyz,EJ79Z
20230425_132840-0983ae9c-0d78-4768-aac3-a0e94e00f9cd-cutout.jpg,mirf.,EJ79Z
20230425_132840-6ac3e03a-abe5-4d99-bc6e-9abd9fff612c-cutout.jpg,mitt,VB71
20230425_133231-410c1b8c-f04b-4c4f-85e3-3cc08458cdc6-cutout.jpg,return,WB71
20230425_133231-e00e6ec7-a6c5-4695-a619-c8003075fb63-cutout.jpg,return,KU731
20230425_134956-d55db779-6e55-45a0-b3f9-1da575741108-cutout.jpg,nogy,KU731
20230425_134956-e4a4fc83-95f5-48d1-9dab-7fdbe7f201c3-cutout.jpg,ment.,NO677
20230425_135010-460aa0b9-e8d7-4d30-b72b-1a26722bc06d-cutout.jpg,0,H0677
20230425_135010-72562178-4a46-4f9e-8859-a7f0e607dc1c-cutout.jpg,1st,IG111
20230425_135010-df6c7ff5-48b3-4552-94db-e0e9ee47d67c-cutout.jpg,0,JG
20230425_135456-56cb1f55-69c3-489c-b1b2-aefd7c125086-cutout.jpg,masses,JG111
20230425_135456-cb70fce9-83a5-4505-9111-577ba2137e2d-cutout.jpg,wigs.,WG866
20230425_140746-a13230fb-824e-43c2-bd48-a88027902d49-cutout.jpg,resupp,WG866
20230425_140746-e7628e79-0dd6-4b16-96b7-84238423eb44-cutout.jpg,.,KZ670
20230425_140930-4a56c0d6-0be4-4f0d-9c84-fe4a18bc4f31-cutout.jpg,snack,KZ670
20230425_140930-f151c5bb-05f9-4eb2-98e9-701d3e9ea134-cutout.jpg,small,JH482
20230425_141151-6447daac-4c2d-499f-9742-a4fb4f6ea87d-cutout.jpg,0,JH482
20230425_141151-7b7917cd-e14e-493b-91f6-686149eac731-cutout.jpg,putters.,P
20230425_141500-01513393-9b71-4a82-9740-831a63e76e82-cutout.jpg,treaties.,PW776
20230425_141500-6f5e970e-65e7-41f9-8764-4f6b0067dfc8-cutout.jpg,fests.,FC579
20230425_141856-497d3982-e049-4c63-9c57-1971c074dcc9-cutout.jpg,sporter.,FC579
20230425_141856-7aa287d2-9024-48e6-a2fb-ffe4945cc5a9-cutout.jpg,iarrati,AFE717
20230425_141856-d2076674-59bd-4f48-b5f3-b8aa1c304647-cutout.jpg,wreckship,AFE717
20230425_141856-dd783bbc-b2e5-4106-afd8-46f1555c8be1-cutout.jpg,afternoon,AFE717
20230425_141856-f086175e-dd01-47f3-9dce-e1213b3b1f65-cutout.jpg,accensippi,AFE717
20230425_142018-0a1f248f-e7d0-443f-9d66-f31d0cbd0929-cutout.jpg,igents.,AFE717
20230425_142018-40ee0d03-29bf-4d61-986b-e641d453a370-cutout.jpg,iderin.,Z779
20230425_142049-38b37654-d174-4386-a4e7-14f769031a1f-cutout.jpg,0 0,Z779
20230425_142049-e6d8ea0f-7dc4-4a9e-b904-04503aac0d28-cutout.jpg,unknown.,UR898
20230425_142059-5b2073a3-b74d-4185-8d75-fa124f9caa5f-cutout.jpg,new YORK,UR898
20230425_142059-f67104e4-8121-4bb4-a364-ba66f0c09aca-cutout.jpg,numerous,KX608
20230425_142159-0ffdf1fb-a37b-49ad-82e3-bce710547186-cutout.jpg,unless.,KX608
20230425_142159-168433b2-61bb-4a4f-b970-d8af7472680f-cutout.jpg,up to,UD768
20230425_142159-a9eb26d0-e8ab-4378-99a8-445125c06efa-cutout.jpg,judgery,UD768
20230425_142224-1a9b2f3c-76a1-4d3a-9c43-7d51ab185ac5-cutout.jpg,impressed,UD768
20230425_142224-e5028ed8-9ee3-4c7c-80b3-b0a2b92b9e07-cutout.jpg,thebeshire,MR307
20230425_142738-6fe74486-f9e4-4030-86ad-f233f6ba1bda-cutout.jpg,"152,",MR301
20230425_142738-8dde2220-323e-42b5-bcb8-40ad669315a0-cutout.jpg,152670,KZ670
20230425_142950-3f0c0cba-9c8f-4a31-af1e-bd660cd4e012-cutout.jpg,minners.,KZ670
20230425_142950-e094787c-e2ac-4dfd-8a84-85d647563f4f-cutout.jpg,minames.,HW949
20230425_143045-3f715a8f-3539-428b-a3fe-5b5c89cdc25a-cutout.jpg,small,HW949
20230425_143045-4a7d084f-f929-40bb-9def-6e8f06e384ad-cutout.jpg,small,JN437
20230425_143752-67b145b8-7271-426c-bebc-c5d70a546c12-cutout.jpg,0 1,JN437
20230425_143752-6d8daac9-916f-447a-91b1-7617585e3507-cutout.jpg,six,XB574
20230425_143752-8f4a839c-8997-46d6-a1f1-7b01926d72f0-cutout.jpg,sx347,JX3
20230425_144721-1cad0300-9520-47ce-be4b-a405b15eaaf4-cutout.jpg,sizzits,JX347
20230425_144721-20d66161-66ae-4a79-ba96-fc5abc7f2af1-cutout.jpg,ozris,QZ779
20230425_144721-be8ad091-7e63-40d4-98a6-b3898713221e-cutout.jpg,acrevi,QZ779
20230425_144721-f6f646d5-da47-4e5a-96e4-5b2677b5ff7f-cutout.jpg,aimi,QZ779
20230425_145100-a87b6a2f-8629-4002-b820-0af73678cbc2-cutout.jpg,spoken,QZ779
20230425_145100-e921dc5f-cb42-43a5-8f75-4fbe5d7eff5f-cutout.jpg,0 1,RZ900
20230425_150329-78e67ebe-b432-447e-95b3-64cb205ebad4-cutout.jpg,passes,Z900
20230425_150329-90ddd25c-af36-4a2e-8346-f79c8a45caa6-cutout.jpg,spitzer,PJ529
20230425_150921-a428a927-3cb3-4bce-b096-0c3695249018-cutout.jpg,tivest.,PJ529
20230425_150921-f9910e65-8af6-4453-8ae2-b893be2e8da1-cutout.jpg,twartzet,JV827
20230425_151915-5075a064-4c32-4b14-b148-eecfd4ee911f-cutout.jpg,"wrecks. """,JV827
20230425_151915-ac4bed31-073b-4545-906a-347fc264b85f-cutout.jpg,will be,VI582
20230425_152119-0cb874a5-6de0-4bf3-a45a-fc8832dc244f-cutout.jpg,NS.464,VI582
20230425_152119-e0405a39-9b14-4d3f-8907-35b902d04109-cutout.jpg,insights.,NS-464
20230425_152119-fd2030b1-a814-4a0d-973f-830fcab00ad7-cutout.jpg,ns.694,NS-464
20230425_152738-7f866c13-170f-4cd2-9609-ed5fbe4ca99c-cutout.jpg,ingato,NS-464
20230425_152738-e5cc7c87-cbbb-431f-9894-431a31d6ffd1-cutout.jpg,irgiers.,HG810
20230425_153032-4828cf39-72fe-4baa-b0c4-ab68772c61a0-cutout.jpg,spresses,HG810
20230425_153032-d4398874-3fa2-4b8e-95d0-e3952265bccc-cutout.jpg,was soon.,XA567
20230425_153127-97abbbb1-f5a9-4a0b-bbbb-190feb88c39d-cutout.jpg,review.,XA567
20230425_153138-8bbdd59b-60c5-4d69-9c62-e4466dce9d37-cutout.jpg,ringas.,RN644
20230425_153831-73ac6007-df85-4210-b924-af9f857e2555-cutout.jpg,wozza,RN644
20230425_153831-be270453-debb-40da-9430-6dbcc5246627-cutout.jpg,sun.,WD250
20230425_153941-4326d65a-ffdc-4ea1-9364-af4a933bf170-cutout.jpg,""" 12438",SO
20230425_153941-5d322503-cbed-4c8f-acaa-f3f88dfd77fc-cutout.jpg,mza30,RZ438
20230425_153941-6b0ca6c2-e5b6-46d5-a0ba-e8e0c24702a0-cutout.jpg,xx2438,RZ438
20230425_154247-847adcf7-8cc9-4f7a-9bcd-b6f2043d2ce7-cutout.jpg,smissie.,RZ438
20230425_154247-a2eef92a-0eaf-43b8-abb3-62adc02ecddf-cutout.jpg,swissie.,JM332
20230425_160018-1b90d314-517b-40dc-a967-adf30539039e-cutout.jpg,spoken,JM332
20230425_160018-5c842247-50c2-413d-b8e4-380e1f0dcdcf-cutout.jpg,spressed,MX011
20230425_160109-5c656a62-1387-4b59-85cf-a666766297e6-cutout.jpg,""" McMillory",MX011
20230425_160109-f2c019a3-4283-466c-9449-67e94ea776bb-cutout.jpg,tutko,WILDR
20230425_160256-2ffc33af-d252-474b-bf5d-d1fbeed5514f-cutout.jpg,tomotion.,UL580
20230425_160256-ea1b365c-4fef-4a40-aadf-da582efa17e0-cutout.jpg,programport.,IBM707N
20230425_163743-52423512-6b72-4cf6-a4c0-537a25232bcf-cutout.jpg,nemocrat,IBM7072
20230425_163743-ea779c37-c83f-4a1b-b2b4-8713a3bd03e5-cutout.jpg,emout.,PM660
20230425_165243-8574b1c3-af6d-4e79-9d57-30ec2b7c5549-cutout.jpg,117744,PM660
20230425_165243-aba331ab-fbb0-4ee5-b7ae-e71bead87609-cutout.jpg,mmm.,MY744
20230513_101656-0b230222-70c4-4491-a0bf-297ed89fde11-cutout.jpg,unaghan.,MY744
20230513_101656-2056076e-01b8-414e-a1d3-16115a2a33e8-cutout.jpg,unnesian.,UM941
20230513_101656-331572ee-5cd6-4840-867b-ad47005d27c8-cutout.jpg,unnesian.,UM941
20230513_101656-d269938d-9ba0-4c27-b671-7ec01163ef96-cutout.jpg,unaghan.,UM941
20230513_113743-954cd75b-b123-46a7-b921-ddd406e7324f-cutout.jpg,topping,UM941
20230513_113743-b93ba7b4-40f3-47cf-b458-a22371150643-cutout.jpg,0 224,LT224
20230513_113743-fb272bd1-b5e8-495f-a6b6-55937b3ce54a-cutout.jpg,topping,LT224
20230513_113743-fffa5150-f0a2-40f0-9eb5-6c29f00638b4-cutout.jpg,0 224,LT224
20230513_113956-214e184d-8bc2-41cc-a2d9-54f80123ed62-cutout.jpg,wasse,LT224
20230513_113956-6e9ccf86-2c8f-43f5-a9b0-9993e0bdbbc0-cutout.jpg,wasse,KR998
20230513_114757-0713e86f-2b0e-4e71-bbe9-db24d5fe7c8a-cutout.jpg,spoken,KR998
20230513_114757-571fe5e2-e15e-4ec3-9cf7-879169b89f4a-cutout.jpg,spoken,510 SPIRY
20230513_114826-0f423958-7cde-48ef-87de-63e489700efb-cutout.jpg,woss,510 SPIRY
20230513_114826-114848f2-ae1c-4d67-92bb-630898929d8e-cutout.jpg,woss,VY589
20230513_114826-6ca7fef1-1421-47e7-aec2-a2ffed8c0f0d-cutout.jpg,nessy,VY589
20230513_115257-43195698-57f5-4b5a-b0b1-71e0ba511b4a-cutout.jpg,tut 37,VY589
20230513_115257-47913ec0-2201-41cf-9ca0-985765caee04-cutout.jpg,tut 37,TU737
20230513_115257-7e8e3030-6145-4066-9f2e-57a43a45e501-cutout.jpg,tutor,TU737
20230513_115257-8ebf1c3c-68c8-4965-8344-2dd9471b31de-cutout.jpg,1st,TU737
20230513_115257-bce04851-ec1d-4150-b0d7-fbe9dd0e82ed-cutout.jpg,tutor,737
20230513_115257-c799778b-ee1f-473b-980f-2fe01965c498-cutout.jpg,1st,TU737
20230513_122758-02798c06-5918-482c-a2b7-017922fc8a8e-cutout.jpg,ago,737
20230513_122758-254ee48f-a4a6-4dcc-b110-b6adfcb91f0f-cutout.jpg,ago,496
20230513_122758-2c202a6d-d608-4d6a-98e1-d6854b204ec3-cutout.jpg,ago,496
20230513_122758-3ab9ac22-2951-4452-b8f2-c6a81ac90b70-cutout.jpg,ago,496
20230513_122758-3c2bf92d-00ca-47f6-9b0b-ad164f7d5866-cutout.jpg,ago,496
20230513_122758-73c86e0f-328c-4537-8846-cd6d66f20bcc-cutout.jpg,ago,496
20230513_122758-d6bce1fe-d11b-477a-b0fa-933bb4dc1125-cutout.jpg,ago,496
20230513_122758-e9480e5c-c957-45d5-84cc-7c5239956024-cutout.jpg,ago,496
20230513_122808-056b0873-2439-4676-b5f7-4f07fdfc61d6-cutout.jpg,ago,496
20230513_122808-44990edf-81d2-4ea4-b221-1f53442ec15b-cutout.jpg,ago,496
20230513_122808-5e57afd5-f764-4f3f-a1bd-545794c9534f-cutout.jpg,ago,496
20230513_122808-80396321-7e95-4168-8623-0a2a0e315c91-cutout.jpg,ago,496
20230513_122808-8e0fa1e2-235f-4330-b562-9fb6781ece36-cutout.jpg,ago,496
20230513_122808-b7a1efdb-8f7a-4496-b754-07312ff91e5a-cutout.jpg,ago,496
20230513_122808-ca636a59-f0a4-4f04-829e-7c56d285493e-cutout.jpg,ago,496
20230513_122808-d60286c3-5140-443b-8181-73a37a16d3a2-cutout.jpg,ago,496
20230513_122808-e9101901-3200-4da1-b909-8290038e6728-cutout.jpg,ago,496
20230513_122808-eba5f3e3-8849-49b7-bffb-150950402d96-cutout.jpg,ago,496
20230513_122817-0347a319-7c05-4666-ad8a-57c062068ea6-cutout.jpg,ago,496
20230513_122817-2e8495b7-31b8-48f0-bd2d-dfc8a06471b2-cutout.jpg,ago,496
20230513_122817-5153e01f-8f50-4cb5-9970-0cec44da5170-cutout.jpg,ago,496
20230513_122817-565078d5-b6a2-49ed-a1d8-b116d3a68e7b-cutout.jpg,ago,496
20230513_122817-70fff80a-deec-48bd-a3b4-63c892ba544e-cutout.jpg,ago,496
20230513_122817-84440236-32c7-4117-9e18-c11097072a3c-cutout.jpg,ago,496
20230513_122817-92844438-6e6f-4afe-b064-7db2bdf3acb2-cutout.jpg,ago,496
20230513_122817-976efda5-3cee-490a-b17c-18d18bbf2143-cutout.jpg,ago,496
20230513_122817-aef4a6f0-5846-465b-ba2e-89abed05f959-cutout.jpg,ago,496
20230513_122817-e3111353-2976-4f52-b37a-09556e7ea357-cutout.jpg,ago,496
20230513_122825-11038511-cf10-4cfd-8ebd-6c5fdc2d99d8-cutout.jpg,ago,496
20230513_122825-2fc036c2-fefb-4ff9-a0d8-d3279bcda572-cutout.jpg,ago,496
20230513_122825-3fcf6098-f940-4cb2-8c9e-5970a8cb58c3-cutout.jpg,ago,496
20230513_122825-689fa2d4-204b-40ec-909b-6c1e4240052a-cutout.jpg,ago,496
20230513_122825-6979fd49-5942-4052-b810-aacf041812f8-cutout.jpg,ago,496
20230513_122825-ad2d9f51-7ea7-4344-89bd-69c9713a8979-cutout.jpg,ago,496
20230513_122825-b1ff7284-1de4-4267-9eb9-7b4330fad7d7-cutout.jpg,ago,496
20230513_122825-d5f35538-e17e-4ebc-ada3-3298cda150de-cutout.jpg,ago,496
20230513_122825-e59f2d82-a379-4648-8068-13c84b1b129e-cutout.jpg,ago,496
20230513_122825-fe2523ae-3d54-4423-b2e9-671b0defb189-cutout.jpg,ago,496
20230513_122835-1f9eeb42-0ae6-4f31-8fbf-d0820f1b7683-cutout.jpg,"ago,",496
20230513_122835-270ebc4b-27f9-4193-84cd-66925aa10c81-cutout.jpg,ago,496
20230513_122835-36ba7790-b683-42e0-9730-04f17ff59b8f-cutout.jpg,ago,496
20230513_122835-406b0aa3-7590-4b17-af44-161cca7a4ccc-cutout.jpg,ago,496
20230513_122835-5d520322-f20d-4249-9801-9e8fcfa97c0f-cutout.jpg,"ago,",496
20230513_122835-8cc7ea8e-2bc7-4409-a7cc-5b079468ef01-cutout.jpg,ago,496
20230513_123540-3a03a2d8-8ee1-4d83-9aec-c9d991a70ccc-cutout.jpg,t2597,496
20230513_123540-3e0fdb25-12bc-4432-9b3c-2a853c2f12c3-cutout.jpg,t2597,TZ597
20230513_123540-3fa8d17d-9d0f-4e38-8c13-e5e49f35f342-cutout.jpg,t2597,TZ597
20230513_123540-41da5a54-6093-4b6e-b015-ce3f1d27d9d8-cutout.jpg,t2597,TZ597
20230513_123540-6ef9d5f8-eec4-484a-9c62-45c30c22a745-cutout.jpg,t2597,TZ597
20230513_123540-723ef1d2-8ea1-4c65-8e0d-1a005b4af58c-cutout.jpg,t2597,TZ597
20230513_123540-895fa3d4-067c-4ec1-9d3f-89c279c1ce62-cutout.jpg,t2597,TZ597
20230513_123540-b17d3072-5fc6-42d9-be73-6999e0610a67-cutout.jpg,t2597,TZ597
20230513_123540-b1b1aa2d-47a5-4c21-8e70-4b70885ab12a-cutout.jpg,t2597,TZ597
20230513_123540-ba0c6162-cec3-4c3c-9b43-f9612fbc2042-cutout.jpg,t2597,TZ597
20230513_124028-65e09530-c092-41ea-ac27-24a2842daa89-cutout.jpg,mes,TZ597
20230513_145820-1b2eb198-fbae-45a4-846e-4138e42762bb-cutout.jpg,impressionist,LM95
20230513_145820-3f3f42ac-590a-4094-8472-ddab7b7d45a1-cutout.jpg,impressionist,KEQ67
20230513_145820-58747c1c-71ee-49bd-9e4c-8c4bd1514eec-cutout.jpg,meaver.,KEQ67
20230513_145820-7fe59ccb-8156-45c3-b24f-ce01ba6122f5-cutout.jpg,treat,KEQ67
20230513_145820-b92d4711-d54b-406c-9f6e-af16ebb0f76c-cutout.jpg,meaver.,KEQ67
20230513_145820-ef4b4b7e-6c42-4cf1-8253-0a1fe5cb0f68-cutout.jpg,treat,KEQ67
20230513_151011-2d9bf316-6e63-4ed3-8c2b-1ba3de57f1db-cutout.jpg,avisza,KEQ67
20230513_151011-a78bad5e-acfd-475c-b2bb-7dd185ff5819-cutout.jpg,avisza,VY623
PTZ_motion_20230323_161540-GF629-af208ebf-c662-430f-a71e-1ad427caf8c9-cutout.jpg,uffriz,VY623
PTZ_motion_20230323_161540-GF629-e3217d85-574b-4eef-9350-0a5098ee3f37-cutout.jpg,urving,GF629
PTZ_motion_20230324_105255-VW873-08351ef1-c2ce-4d97-b1b9-61a74f6b4b35-cutout.jpg,vways,GF629
PTZ_motion_20230324_105255-VW873-b09cfb10-6797-4f99-a312-001d110b8228-cutout.jpg,viviera,VWB73
PTZ_motion_20230324_105255-VW873-e97d6fab-59ca-4ddb-80d6-b38cb91fa3c3-cutout.jpg,vways,VW873
PTZ_motion_20230325_161738-33174aff-2fe4-4677-801d-3190391e2872-cutout.jpg,treaties.,VW873
PTZ_motion_20230325_161738-bd7c2bc4-29ea-421b-9666-468122d523f1-cutout.jpg,terrettation,XR417
PTZ_motion_20230325_161738-f139c26c-9e09-4b98-b9cc-31f19e074dc0-cutout.jpg,extempt,XR417
PTZ_motion_20230325_161738-f927e634-bfb5-4c9b-970a-a22e79702773-cutout.jpg,terrettants,XR417
