state,store_id,country_id,name,customer_is_guest,increment_id,created_at,subtotal,total_item_count,sku,qty_ordered,row_total_incl_tax
complete,3,FR,Français,0,300039997,2014-05-01 05:34:34,42.1488,1,246265,1.0,51.0
complete,13,BE,Belgium/Français,0,1300003752,2014-05-01 06:48:32,33.0579,1,371882,1.0,40.0
complete,3,FR,Français,0,300039998,2014-05-01 06:53:09,179.5455,5,363863,1.0,29.25
complete,3,FR,Français,0,300039998,2014-05-01 06:53:09,179.5455,5,371820,1.0,13.75
complete,3,FR,Français,0,300039998,2014-05-01 06:53:09,179.5455,5,397066,1.0,54.0
complete,3,FR,Français,0,300039998,2014-05-01 06:53:09,179.5455,5,382727,1.0,15.25
complete,3,FR,Français,0,300039998,2014-05-01 06:53:09,179.5455,5,478888,1.0,105.0
complete,3,FR,Français,0,300039999,2014-05-01 07:01:35,6.1983,2,480225,1.0,2.5
complete,3,FR,Français,0,300039999,2014-05-01 07:01:35,6.1983,2,383809,1.0,5.0
canceled,12,BE,Belgium/Nederlands,0,1200003968,2014-05-01 07:12:28,74.2562,2,101748,1.0,29.95
canceled,12,BE,Belgium/Nederlands,0,1200003968,2014-05-01 07:12:28,74.2562,2,101762,2.0,59.9
complete,11,NL,Nederlands,0,1100042018,2014-05-01 07:28:49,33.0579,1,346583,1.0,40.0
complete,4,GB,English,0,400078779,2014-05-01 07:29:19,46.6667,1,478666,1.0,56.0
complete,3,FR,Français,0,300040001,2014-05-01 08:00:08,10.5372,1,311444,1.0,12.75
complete,3,FR,Français,0,300040002,2014-05-01 08:11:33,91.1157,2,375668,1.0,8.25
complete,3,FR,Français,0,300040002,2014-05-01 08:11:33,91.1157,2,246265,2.0,102.0
new,3,FR,Français,0,300040003,2014-05-01 08:24:29,68.7603,3,218644,1.0,27.25
new,3,FR,Français,0,300040003,2014-05-01 08:24:29,68.7603,3,427169,1.0,46.0
new,3,FR,Français,0,300040003,2014-05-01 08:24:29,68.7603,3,414589,1.0,9.95
complete,4,GB,English,0,400078783,2014-05-01 08:29:08,0.0,1,383809,1.0,0.0
complete,4,GB,English,0,400078784,2014-05-01 08:32:18,7.0833,1,383809,2.0,8.5
new,3,FR,Français,0,300040005,2014-05-01 08:35:47,34.7107,1,246784,1.0,42.0
complete,4,GB,English,0,400078792,2014-05-01 08:49:53,39.5,1,246265,1.0,47.4
complete,4,GB,English,0,400078793,2014-05-01 08:50:27,35.0,1,246784,1.0,42.0
complete,3,FR,Français,0,300040006,2014-05-01 08:52:31,90.0826,2,245329,1.0,39.0
complete,3,FR,Français,0,300040006,2014-05-01 08:52:31,90.0826,2,478345,1.0,70.0
complete,4,GB,English,0,400078795,2014-05-01 08:57:15,8.5417,1,311420,1.0,10.25
complete,4,GB,English,0,400078796,2014-05-01 08:57:47,54.6667,5,348983,1.0,5.95
complete,4,GB,English,0,400078796,2014-05-01 08:57:47,54.6667,5,375705,1.0,9.95
complete,4,GB,English,0,400078796,2014-05-01 08:57:47,54.6667,5,482045,1.0,4.25
complete,4,GB,English,0,400078796,2014-05-01 08:57:47,54.6667,5,482069,1.0,3.45
complete,4,GB,English,0,400078796,2014-05-01 08:57:47,54.6667,5,163463,1.0,42.0
complete,3,FR,Français,0,300040007,2014-05-01 09:04:05,2.0661,1,383366,1.0,2.5
complete,3,FR,Français,0,300040008,2014-05-01 09:10:20,80.1653,1,479144,1.0,97.0
complete,3,FR,Français,0,300040011,2014-05-01 09:24:33,42.1488,1,246265,1.0,51.0
complete,4,GB,English,0,400078803,2014-05-01 09:27:03,14.125,1,101526,1.0,16.95
complete,11,NL,Nederlands,0,1100042029,2014-05-01 09:27:07,20.6612,1,384189,1.0,25.0
complete,13,BE,Belgium/Français,0,1300003753,2014-05-01 09:28:25,147.9339,1,378768,1.0,179.0
complete,3,FR,Français,0,300040012,2014-05-01 09:29:58,42.1488,1,246265,1.0,51.0
complete,3,FR,Français,0,300040013,2014-05-01 09:31:48,20.6612,1,423468,1.0,25.0
complete,3,FR,Français,0,300040014,2014-05-01 09:34:10,34.0909,1,375668,5.0,41.25
canceled,3,FR,Français,0,300040015,2014-05-01 09:36:00,162.8099,1,378683,1.0,197.0
complete,3,FR,Français,0,300040016,2014-05-01 09:40:38,197.5207,2,378683,1.0,197.0
complete,3,FR,Français,0,300040016,2014-05-01 09:40:38,197.5207,2,371547,1.0,42.0
new,3,FR,Français,0,300040017,2014-05-01 09:48:56,68.7603,3,218644,1.0,27.25
new,3,FR,Français,0,300040017,2014-05-01 09:48:56,68.7603,3,427169,1.0,46.0
new,3,FR,Français,0,300040017,2014-05-01 09:48:56,68.7603,3,414589,1.0,9.95
complete,3,FR,Français,0,300040018,2014-05-01 09:57:20,90.9091,1,101304,1.0,110.0
complete,5,AU,English - international,0,500028334,2014-05-01 10:06:18,0.0,1,384202,1.0,0.0
complete,11,NL,Nederlands,0,1100042035,2014-05-01 10:11:43,0.0,1,383809,1.0,0.0
complete,4,GB,English,0,400078810,2014-05-01 10:19:17,0.0,1,298868,1.0,0.0
complete,3,FR,Français,0,300040019,2014-05-01 10:23:16,159.4628,4,482205,1.0,59.5
complete,3,FR,Français,0,300040019,2014-05-01 10:23:16,159.4628,4,483424,1.0,29.95
complete,3,FR,Français,0,300040019,2014-05-01 10:23:16,159.4628,4,483301,1.0,46.5
complete,3,FR,Français,0,300040019,2014-05-01 10:23:16,159.4628,4,419768,1.0,57.0
complete,3,FR,Français,0,300040021,2014-05-01 10:25:28,22.314,1,245343,1.0,27.0
new,3,FR,Français,0,300040024,2014-05-01 10:36:15,112.3967,2,415920,1.0,97.0
new,3,FR,Français,0,300040024,2014-05-01 10:36:15,112.3967,2,245329,1.0,39.0
complete,11,NL,Nederlands,0,1100042037,2014-05-01 10:41:58,0.0,1,346569,1.0,0.0
complete,4,GB,English,0,400078813,2014-05-01 10:43:09,0.0,1,383809,1.0,0.0
complete,3,FR,Français,0,300040025,2014-05-01 10:44:33,123.1405,1,481062,1.0,149.0
complete,12,BE,Belgium/Nederlands,0,1200003972,2014-05-01 10:45:49,44.6281,3,311444,1.0,12.75
complete,12,BE,Belgium/Nederlands,0,1200003972,2014-05-01 10:45:49,44.6281,3,100888,5.0,29.75
complete,12,BE,Belgium/Nederlands,0,1200003972,2014-05-01 10:45:49,44.6281,3,420184,1.0,11.5
complete,4,GB,English,0,400078816,2014-05-01 10:59:17,28.3333,2,371882,1.0,0.0
complete,4,GB,English,0,400078816,2014-05-01 10:59:17,28.3333,2,394744,1.0,34.0
complete,4,GB,English,0,400078817,2014-05-01 11:06:02,0.0,1,480225,1.0,0.0
complete,4,GB,English,0,400078819,2014-05-01 11:37:19,0.0,1,383809,1.0,0.0
complete,3,FR,Français,0,300040027,2014-05-01 11:47:27,41.8595,2,298301,5.0,34.75
complete,3,FR,Français,0,300040027,2014-05-01 11:47:27,41.8595,2,298288,2.0,15.9
complete,3,FR,Français,0,300040028,2014-05-01 11:47:55,8.2645,1,418365,2.0,10.0
complete,3,FR,Français,0,300040029,2014-05-01 11:48:33,42.1488,1,246265,1.0,51.0
complete,3,FR,Français,0,300040030,2014-05-01 11:50:39,34.7107,1,246784,1.0,42.0
complete,3,FR,Français,0,300040032,2014-05-01 12:00:01,25.6198,1,371806,1.0,31.0
complete,4,GB,English,0,400078821,2014-05-01 12:01:19,0.0,1,383809,1.0,0.0
complete,4,GB,English,0,400078823,2014-05-01 12:08:26,0.0,1,383809,1.0,0.0
complete,3,FR,Français,0,300040034,2014-05-01 12:15:33,42.1488,1,246265,1.0,51.0
complete,3,FR,Français,0,300040035,2014-05-01 12:18:58,150.4132,1,475924,1.0,182.0
complete,13,BE,Belgium/Français,0,1300003754,2014-05-01 12:22:57,16.5289,1,393785,1.0,20.0
complete,13,BE,Belgium/Français,0,1300003755,2014-05-01 12:23:15,76.8595,2,478284,1.0,60.0
complete,13,BE,Belgium/Français,0,1300003755,2014-05-01 12:23:15,76.8595,2,380327,1.0,33.0
complete,11,NL,Nederlands,0,1100042050,2014-05-01 12:26:50,0.0,1,371905,1.0,0.0
new,11,NL,Nederlands,0,1100042052,2014-05-01 12:33:01,4.1322,1,383809,1.0,5.0
complete,3,FR,Français,0,300040036,2014-05-01 12:40:59,42.1488,1,246265,1.0,51.0
complete,3,FR,Français,0,300040037,2014-05-01 12:48:24,43.3884,1,375705,5.0,52.5
complete,11,NL,Nederlands,0,1100042053,2014-05-01 12:56:37,113.2231,1,100222,1.0,137.0
complete,3,FR,Français,0,300040039,2014-05-01 13:09:02,43.1405,8,612121,2.0,4.95
complete,3,FR,Français,0,300040039,2014-05-01 13:09:02,43.1405,8,611988,2.0,4.95
complete,3,FR,Français,0,300040039,2014-05-01 13:09:02,43.1405,8,612206,2.0,5.95
complete,3,FR,Français,0,300040039,2014-05-01 13:09:02,43.1405,8,612183,2.0,5.95
complete,3,FR,Français,0,300040039,2014-05-01 13:09:02,43.1405,8,610264,2.0,11.95
complete,3,FR,Français,0,300040039,2014-05-01 13:09:02,43.1405,8,611643,1.0,13.95
complete,3,FR,Français,0,300040039,2014-05-01 13:09:02,43.1405,8,610486,1.0,2.25
complete,3,FR,Français,0,300040039,2014-05-01 13:09:02,43.1405,8,621567,1.0,2.25
complete,11,NL,Nederlands,0,1100042056,2014-05-01 13:12:50,0.0,1,384189,1.0,0.0
complete,4,GB,English,0,400078835,2014-05-01 13:16:01,0.0,1,383885,1.0,0.0
complete,4,GB,English,0,400078836,2014-05-01 13:20:24,55.0,1,364983,1.0,66.0
complete,4,GB,English,0,400078837,2014-05-01 13:33:39,14.1667,1,383748,1.0,17.0
complete,4,GB,English,0,400078838,2014-05-01 13:35:25,70.8333,1,427640,1.0,85.0
complete,3,FR,Français,0,300040042,2014-05-01 13:48:01,33.0579,1,346583,1.0,40.0
complete,4,GB,English,0,400078840,2014-05-01 13:48:38,3.5417,1,383809,1.0,4.25
complete,4,GB,English,0,400078842,2014-05-01 13:52:22,0.0,1,383809,1.0,0.0
complete,3,FR,Français,0,300040044,2014-05-01 14:13:23,69.4215,1,246784,2.0,84.0
complete,4,GB,English,0,400078844,2014-05-01 14:18:31,0.0,1,480225,1.0,0.0
complete,4,GB,English,0,400078845,2014-05-01 14:23:20,0.0,1,383809,1.0,0.0
complete,3,FR,Français,0,300040045,2014-05-01 14:30:29,69.4215,1,246784,2.0,84.0
complete,4,GB,English,0,400078849,2014-05-01 14:36:41,45.0,2,101700,1.0,26.0
complete,4,GB,English,0,400078849,2014-05-01 14:36:41,45.0,2,101168,1.0,28.0
complete,4,GB,English,0,400078850,2014-05-01 14:41:50,0.0,1,346583,1.0,0.0
complete,13,BE,Belgium/Français,0,1300003757,2014-05-01 14:46:30,4.1322,1,700644,1.0,5.0
complete,3,FR,Français,0,300040046,2014-05-01 14:47:47,150.4132,1,475924,1.0,182.0
complete,3,FR,Français,0,300040047,2014-05-01 14:49:25,50.3719,2,246265,1.0,51.0
complete,3,FR,Français,0,300040047,2014-05-01 14:49:25,50.3719,2,196423,1.0,9.95
complete,4,GB,English,0,400078852,2014-05-01 15:05:39,0.0,1,383809,1.0,0.0
complete,3,FR,Français,0,300040048,2014-05-01 15:07:17,92.562,1,391743,1.0,112.0
complete,4,GB,English,0,400078853,2014-05-01 15:11:51,69.9583,2,313301,1.0,72.0
complete,4,GB,English,0,400078853,2014-05-01 15:11:51,69.9583,2,382703,1.0,11.95
complete,4,GB,English,0,400078854,2014-05-01 15:11:53,0.0,1,480225,1.0,0.0
complete,3,FR,Français,0,300040049,2014-05-01 15:13:57,16.3223,1,322167,1.0,19.75
complete,4,GB,English,0,400078856,2014-05-01 15:19:35,0.0,1,383809,1.0,0.0
complete,3,FR,Français,0,300040050,2014-05-01 15:23:55,161.157,2,384905,1.0,144.0
complete,3,FR,Français,0,300040050,2014-05-01 15:23:55,161.157,2,246265,1.0,51.0
new,3,FR,Français,0,300040051,2014-05-01 15:34:45,34.7107,1,245305,1.0,42.0
complete,11,NL,Nederlands,0,1100042067,2014-05-01 15:36:02,20.6612,1,395444,1.0,25.0
complete,11,NL,Nederlands,0,1100042068,2014-05-01 15:37:50,0.0,1,334122,1.0,0.0
complete,3,FR,Français,0,300040053,2014-05-01 15:56:54,33.0579,1,346583,1.0,40.0
complete,12,BE,Belgium/Nederlands,0,1200003976,2014-05-01 15:57:56,42.1488,1,246265,1.0,51.0
complete,5,GB,English - international,0,500028337,2014-05-01 16:10:59,2.0661,1,700262,1.0,2.5
complete,3,FR,Français,0,300040054,2014-05-01 16:12:37,89.0496,6,246265,1.0,51.0
complete,3,FR,Français,0,300040054,2014-05-01 16:12:37,89.0496,6,420184,1.0,11.5
complete,3,FR,Français,0,300040054,2014-05-01 16:12:37,89.0496,6,210082,1.0,10.5
complete,3,FR,Français,0,300040054,2014-05-01 16:12:37,89.0496,6,210167,1.0,10.5
complete,3,FR,Français,0,300040054,2014-05-01 16:12:37,89.0496,6,210983,1.0,8.75
complete,3,FR,Français,0,300040054,2014-05-01 16:12:37,89.0496,6,261008,1.0,15.5
complete,3,FR,Français,0,300040055,2014-05-01 16:21:16,28.9256,1,372742,1.0,35.0
complete,4,GB,English,0,400078861,2014-05-01 16:24:14,0.0,1,298868,1.0,0.0
complete,4,GB,English,0,400078862,2014-05-01 16:43:23,0.0,1,383809,1.0,0.0
complete,4,GB,English,0,400078863,2014-05-01 16:43:40,1.7917,1,383366,1.0,2.15
complete,3,FR,Français,0,300040059,2014-05-01 16:49:49,0.0,1,480225,1.0,0.0
new,3,FR,Français,0,300040060,2014-05-01 17:04:36,68.7603,3,218644,1.0,27.25
new,3,FR,Français,0,300040060,2014-05-01 17:04:36,68.7603,3,427169,1.0,46.0
new,3,FR,Français,0,300040060,2014-05-01 17:04:36,68.7603,3,414589,1.0,9.95
complete,4,GB,English,0,400078872,2014-05-01 17:46:14,0.0,1,334122,1.0,0.0
complete,11,NL,Nederlands,0,1100042076,2014-05-01 18:00:11,0.0,1,334122,1.0,0.0
complete,11,NL,Nederlands,0,1100042078,2014-05-01 18:11:41,4.1322,1,480225,2.0,5.0
complete,11,NL,Nederlands,0,1100042079,2014-05-01 18:12:38,74.3388,1,102301,1.0,89.95
complete,3,FR,Français,0,300040063,2014-05-01 18:26:30,42.1488,1,246265,1.0,51.0
complete,4,GB,English,0,400078884,2014-05-01 19:00:39,0.0,1,383885,1.0,0.0
complete,3,FR,Français,0,300040068,2014-05-01 19:00:47,4.1322,1,383809,1.0,5.0
complete,5,DE,English - international,0,500028341,2014-05-01 19:03:25,21.9008,2,321900,1.0,24.0
complete,5,DE,English - international,0,500028341,2014-05-01 19:03:25,21.9008,2,382901,1.0,2.5
complete,4,GB,English,0,400078885,2014-05-01 19:11:06,36.625,2,371882,1.0,34.0
complete,4,GB,English,0,400078885,2014-05-01 19:11:06,36.625,2,375705,1.0,9.95
complete,4,GB,English,0,400078886,2014-05-01 19:13:19,17.7083,1,384189,1.0,21.25
canceled,3,FR,Français,0,300040070,2014-05-01 19:46:39,113.2231,1,100222,1.0,137.0
complete,4,GB,English,0,400078895,2014-05-01 19:58:08,0.0,1,298868,1.0,0.0
new,3,FR,Français,0,300040073,2014-05-01 20:14:52,113.2231,1,100222,1.0,137.0
complete,4,GB,English,0,400078902,2014-05-01 20:20:28,17.7083,1,371905,1.0,21.25
new,3,FR,Français,0,300040074,2014-05-01 20:22:01,113.2231,1,100222,1.0,137.0
complete,4,GB,English,0,400078905,2014-05-01 20:24:54,17.7083,1,371905,1.0,21.25
complete,3,FR,Français,0,300040075,2014-05-01 20:28:50,54.5455,2,361982,6.0,27.0
complete,3,FR,Français,0,300040075,2014-05-01 20:28:50,54.5455,2,362002,6.0,39.0
complete,4,GB,English,0,400078909,2014-05-01 20:29:36,28.3333,1,383885,1.0,34.0
complete,4,GB,English,0,400078911,2014-05-01 20:34:34,17.7083,1,371905,1.0,21.25
complete,4,GB,English,0,400078915,2014-05-01 20:38:56,17.7083,1,384189,1.0,21.25
complete,4,GB,English,0,400078917,2014-05-01 20:42:37,17.7083,1,334122,1.0,21.25
complete,3,FR,Français,0,300040076,2014-05-01 20:48:53,10.3306,2,480225,1.0,2.5
complete,3,FR,Français,0,300040076,2014-05-01 20:48:53,10.3306,2,383809,2.0,10.0
complete,4,GB,English,0,400078924,2014-05-01 21:15:12,0.0,1,334122,1.0,0.0
complete,4,GB,English,0,400078925,2014-05-01 21:20:19,26.5,1,375668,4.0,31.8
complete,5,CA,English - international,0,500028342,2014-05-01 22:11:37,59.5041,1,382680,4.0,72.0
complete,4,GB,English,0,400078933,2014-05-01 22:39:58,40.0,1,378645,1.0,48.0
complete,4,GB,English,0,400078934,2014-05-02 03:00:25,0.0,1,383809,1.0,0.0
complete,4,GB,English,0,400078935,2014-05-02 03:25:35,0.0,1,334122,1.0,0.0
complete,5,CN,English - international,0,1000000171,2014-05-02 04:28:17,0.0,2,396908,1.0,0.0
complete,5,CN,English - international,0,1000000171,2014-05-02 04:28:17,0.0,2,477485,1.0,0.0
new,3,FR,Français,0,300040078,2014-05-02 04:58:06,42.1488,1,246265,1.0,51.0
complete,4,GB,English,0,400078936,2014-05-02 05:34:06,0.0,1,384189,1.0,0.0
complete,3,FR,Français,0,300040081,2014-05-02 06:05:39,68.7603,3,218644,1.0,27.25
complete,3,FR,Français,0,300040081,2014-05-02 06:05:39,68.7603,3,427169,1.0,46.0
complete,3,FR,Français,0,300040081,2014-05-02 06:05:39,68.7603,3,414589,1.0,9.95
new,3,FR,Français,0,300040082,2014-05-02 06:17:31,113.2231,1,100222,1.0,137.0
complete,13,BE,Belgium/Français,0,1300003758,2014-05-02 07:01:29,97.5207,1,425004,1.0,118.0
complete,4,GB,English,0,400078939,2014-05-02 08:01:37,0.0,1,322006,1.0,0.0
complete,4,GB,English,0,400078940,2014-05-02 08:02:08,0.0,2,383809,1.0,0.0
complete,4,GB,English,0,400078940,2014-05-02 08:02:08,0.0,2,480225,1.0,0.0
complete,3,FR,Français,0,300040084,2014-05-02 08:04:59,0.0,1,334122,1.0,0.0
complete,13,BE,Belgium/Français,0,1300003759,2014-05-02 08:18:02,33.0579,1,346583,1.0,40.0
new,8,DE,Deutsch,0,800006039,2014-05-02 09:05:24,4.1322,1,383809,1.0,5.0
new,3,FR,Français,0,300040088,2014-05-02 09:18:49,48.9669,2,375668,1.0,8.25
new,3,FR,Français,0,300040088,2014-05-02 09:18:49,48.9669,2,246265,1.0,51.0
complete,3,FR,Français,0,300040089,2014-05-02 09:22:54,33.0579,1,371882,1.0,40.0
complete,12,BE,Belgium/Nederlands,0,1200003981,2014-05-02 09:24:35,75.2066,1,310928,1.0,91.0
complete,3,FR,Français,0,300040091,2014-05-02 09:24:57,33.0579,1,346569,1.0,40.0
complete,3,FR,Français,0,300040092,2014-05-02 09:34:08,34.7107,1,371547,1.0,42.0
complete,12,BE,Belgium/Nederlands,0,1200003982,2014-05-02 09:36:39,4.1322,1,383809,1.0,5.0
new,3,FR,Français,0,300040093,2014-05-02 09:38:47,37.1901,2,346583,1.0,40.0
new,3,FR,Français,0,300040093,2014-05-02 09:38:47,37.1901,2,383809,1.0,5.0
complete,3,FR,Français,0,300040095,2014-05-02 09:42:07,62.8099,2,334122,1.0,25.0
complete,3,FR,Français,0,300040095,2014-05-02 09:42:07,62.8099,2,246265,1.0,51.0
complete,11,NL,Nederlands,0,1100042099,2014-05-02 09:43:07,0.0,1,383809,1.0,0.0
complete,3,FR,Français,0,300040096,2014-05-02 09:53:03,48.9669,2,375668,1.0,8.25
complete,3,FR,Français,0,300040096,2014-05-02 09:53:03,48.9669,2,246265,1.0,51.0
complete,4,GB,English,0,400078950,2014-05-02 10:02:52,32.5,1,245305,1.0,39.0
complete,4,GB,English,0,400078951,2014-05-02 10:03:05,15.7917,1,414664,1.0,18.95
complete,3,FR,Français,0,300040099,2014-05-02 10:11:12,37.1901,2,346583,1.0,40.0
complete,3,FR,Français,0,300040099,2014-05-02 10:11:12,37.1901,2,383809,1.0,5.0
complete,11,NL,Nederlands,0,1100042104,2014-05-02 10:19:10,0.0,1,480225,1.0,0.0
complete,11,NL,Nederlands,0,1100042105,2014-05-02 10:24:32,20.6612,1,384189,1.0,25.0
complete,4,GB,English,0,400078952,2014-05-02 10:26:08,0.0,1,334122,1.0,0.0
complete,3,FR,Français,0,300040100,2014-05-02 10:39:03,4.1322,1,383809,1.0,5.0
complete,4,GB,English,0,400078959,2014-05-02 10:46:11,28.3333,1,384202,1.0,34.0
complete,8,DE,Deutsch,0,800006040,2014-05-02 10:55:13,10.3306,2,383809,2.0,10.0
complete,8,DE,Deutsch,0,800006040,2014-05-02 10:55:13,10.3306,2,480225,1.0,2.5
complete,11,NL,Nederlands,0,1100042112,2014-05-02 11:27:22,0.0,1,371905,1.0,0.0
complete,4,GB,English,0,400078964,2014-05-02 11:28:45,55.0,1,364983,1.0,66.0
complete,3,FR,Français,0,300040105,2014-05-02 11:30:43,33.0579,1,394744,1.0,40.0
complete,3,FR,Français,0,300040108,2014-05-02 11:50:14,34.7107,1,246784,1.0,42.0
complete,3,FR,Français,0,300040109,2014-05-02 12:02:36,174.3802,2,482021,1.0,169.0
complete,3,FR,Français,0,300040109,2014-05-02 12:02:36,174.3802,2,371547,1.0,42.0
complete,3,FR,Français,0,300040113,2014-05-02 12:21:55,163.843,3,247620,4.0,82.0
complete,3,FR,Français,0,300040113,2014-05-02 12:21:55,163.843,3,385285,4.0,110.0
complete,3,FR,Français,0,300040113,2014-05-02 12:21:55,163.843,3,348983,1.0,6.25
complete,4,GB,English,0,400078975,2014-05-02 12:38:17,43.3333,3,484209,1.0,39.0
complete,4,GB,English,0,400078975,2014-05-02 12:38:17,43.3333,3,361982,1.0,4.25
complete,4,GB,English,0,400078975,2014-05-02 12:38:17,43.3333,3,385322,1.0,8.75
complete,4,GB,English,0,400078976,2014-05-02 12:41:16,17.7083,1,334122,1.0,21.25
new,13,BE,Belgium/Français,0,1300003760,2014-05-02 12:41:49,66.1157,1,478802,1.0,80.0
complete,4,GB,English,0,400078977,2014-05-02 12:42:31,0.0,1,480225,1.0,0.0
complete,3,FR,Français,0,300040115,2014-05-02 12:49:32,0.0,1,391422,1.0,0.0
new,3,FR,Français,0,300040116,2014-05-02 12:50:18,45.6612,2,483301,1.0,46.5
new,3,FR,Français,0,300040116,2014-05-02 12:50:18,45.6612,2,477300,1.0,8.75
complete,3,FR,Français,0,300040119,2014-05-02 13:01:46,40.9091,1,264788,1.0,49.5
complete,3,FR,Français,0,300040120,2014-05-02 13:01:48,2.0661,1,383366,1.0,2.5
complete,4,GB,English,0,400078983,2014-05-02 13:08:20,8.625,1,482083,3.0,10.35
complete,11,NL,Nederlands,0,1100042123,2014-05-02 13:08:47,0.0,1,371905,1.0,0.0
complete,4,GB,English,0,400078986,2014-05-02 13:50:14,0.0,1,480225,1.0,0.0
complete,3,FR,Français,0,300040125,2014-05-02 14:01:31,42.1488,1,246265,1.0,51.0
complete,11,NL,Nederlands,0,1100042130,2014-05-02 14:04:46,0.0,1,334122,1.0,0.0
complete,3,FR,Français,0,300040126,2014-05-02 14:09:50,37.1901,1,101465,1.0,45.0
complete,4,GB,English,0,400078996,2014-05-02 14:45:20,0.0,1,391484,1.0,0.0
complete,11,NL,Nederlands,0,1100042131,2014-05-02 14:48:10,0.0,1,423468,1.0,0.0
canceled,8,DE,Deutsch,1,800006043,2014-05-02 14:49:48,20.6612,1,384189,1.0,25.0
canceled,8,DE,Deutsch,1,800006044,2014-05-02 14:50:59,20.6612,1,384189,1.0,25.0
complete,4,GB,English,0,400078998,2014-05-02 15:08:22,0.0,1,371882,1.0,0.0
complete,4,GB,English,0,400079000,2014-05-02 15:11:40,491.6667,2,395642,5.0,245.0
complete,4,GB,English,0,400079000,2014-05-02 15:11:40,491.6667,2,478406,5.0,345.0
complete,4,GB,English,0,400079003,2014-05-02 15:22:26,0.0,1,383809,1.0,0.0
complete,3,FR,Français,0,300040132,2014-05-02 15:25:25,72.562,11,463761,1.0,5.95
complete,3,FR,Français,0,300040132,2014-05-02 15:25:25,72.562,11,463709,1.0,6.75
complete,3,FR,Français,0,300040132,2014-05-02 15:25:25,72.562,11,463747,1.0,6.75
complete,3,FR,Français,0,300040132,2014-05-02 15:25:25,72.562,11,463785,1.0,6.75
complete,3,FR,Français,0,300040132,2014-05-02 15:25:25,72.562,11,463808,1.0,6.75
complete,3,FR,Français,0,300040132,2014-05-02 15:25:25,72.562,11,463365,1.0,9.5
complete,3,FR,Français,0,300040132,2014-05-02 15:25:25,72.562,11,463822,1.0,6.75
complete,3,FR,Français,0,300040132,2014-05-02 15:25:25,72.562,11,463242,1.0,6.95
complete,3,FR,Français,0,300040132,2014-05-02 15:25:25,72.562,11,463600,1.0,8.95
complete,3,FR,Français,0,300040132,2014-05-02 15:25:25,72.562,11,463341,1.0,8.75
complete,3,FR,Français,0,300040132,2014-05-02 15:25:25,72.562,11,182624,1.0,13.95
complete,3,FR,Français,0,300040133,2014-05-02 15:29:22,34.7107,1,246784,1.0,42.0
complete,3,FR,Français,0,300040134,2014-05-02 15:35:13,22.314,1,245343,1.0,27.0
complete,5,ES,English - international,0,900002295,2014-05-02 15:39:48,45.4545,1,246265,1.0,55.0
canceled,11,NL,Nederlands,0,1100042137,2014-05-02 15:48:19,0.0,1,480225,1.0,0.0
complete,13,BE,Belgium/Français,0,1300003762,2014-05-02 16:20:12,140.4132,1,102264,2.0,169.9
complete,4,GB,English,0,400079008,2014-05-02 16:24:24,17.7083,1,371905,1.0,21.25
complete,3,FR,Français,0,300040137,2014-05-02 16:24:34,0.0,1,371882,1.0,0.0
complete,3,FR,Français,0,300040139,2014-05-02 16:33:44,113.2231,1,100222,1.0,137.0
complete,3,FR,Français,0,300040140,2014-05-02 16:44:19,20.6612,1,384189,1.0,25.0
complete,3,FR,Français,0,300040141,2014-05-02 16:56:52,10.5372,1,311444,1.0,12.75
complete,3,FR,Français,0,300040142,2014-05-02 17:06:52,41.7355,2,204364,2.0,9.0
complete,3,FR,Français,0,300040142,2014-05-02 17:06:52,41.7355,2,316982,1.0,41.5
complete,3,FR,Français,0,300040143,2014-05-02 17:15:15,114.876,1,475924,1.0,139.0
complete,11,NL,Nederlands,0,1100042143,2014-05-02 17:17:30,0.0,1,383809,1.0,0.0
complete,4,GB,English,0,400079015,2014-05-02 17:49:38,3.5417,1,383809,1.0,4.25
complete,3,FR,Français,0,300040144,2014-05-02 18:06:55,20.6612,1,384189,1.0,25.0
complete,3,FR,Français,0,300040145,2014-05-02 18:08:04,0.0,1,384189,1.0,0.0
complete,4,GB,English,0,400079019,2014-05-02 18:09:22,29.9167,2,101700,1.0,26.0
complete,4,GB,English,0,400079019,2014-05-02 18:09:22,29.9167,2,100888,2.0,9.9
complete,5,ES,English - international,0,900002296,2014-05-02 18:14:24,0.0,2,383366,1.0,0.0
complete,5,ES,English - international,0,900002296,2014-05-02 18:14:24,0.0,2,391484,1.0,0.0
complete,3,FR,Français,0,300040146,2014-05-02 18:20:01,4.1322,1,418365,1.0,5.0
complete,4,GB,English,0,400079021,2014-05-02 18:29:33,1.7917,1,480225,1.0,2.15
complete,4,GB,English,0,400079023,2014-05-02 18:34:31,7.0833,1,383922,1.0,8.5
complete,4,GB,English,0,400079024,2014-05-02 18:39:30,28.3333,1,298868,1.0,34.0
complete,3,FR,Français,0,300040147,2014-05-02 18:40:00,13.6364,1,375668,2.0,16.5
canceled,5,IE,English - international,0,500028353,2014-05-02 19:19:19,37.1901,2,298868,1.0,40.0
canceled,5,IE,English - international,0,500028353,2014-05-02 19:19:19,37.1901,2,383809,1.0,5.0
complete,4,GB,English,0,400079026,2014-05-02 19:24:50,0.0,1,395444,1.0,0.0
canceled,5,IE,English - international,0,500028354,2014-05-02 19:26:47,37.1901,2,298868,1.0,40.0
canceled,5,IE,English - international,0,500028354,2014-05-02 19:26:47,37.1901,2,383809,1.0,5.0
complete,3,FR,Français,0,300040149,2014-05-02 19:28:09,114.876,1,475924,1.0,139.0
complete,3,FR,Français,0,300040150,2014-05-02 19:41:20,42.1488,1,246265,1.0,51.0
complete,3,FR,Français,0,300040151,2014-05-02 20:32:55,34.7107,1,371547,1.0,42.0
complete,4,GB,English,0,400079032,2014-05-02 21:12:49,45.375,5,700941,1.0,4.25
complete,4,GB,English,0,400079032,2014-05-02 21:12:49,45.375,5,700262,1.0,2.15
complete,4,GB,English,0,400079032,2014-05-02 21:12:49,45.375,5,297243,2.0,23.8
complete,4,GB,English,0,400079032,2014-05-02 21:12:49,45.375,5,311444,1.0,10.75
complete,4,GB,English,0,400079032,2014-05-02 21:12:49,45.375,5,420108,1.0,13.5
complete,3,FR,Français,0,300040152,2014-05-02 22:23:35,42.1488,1,246265,1.0,51.0
complete,11,NL,Nederlands,0,1100042155,2014-05-02 23:12:29,0.0,1,383809,1.0,0.0
complete,3,FR,Français,0,300040153,2014-05-03 05:07:01,20.6612,1,334122,1.0,25.0
complete,3,FR,Français,0,300040154,2014-05-03 05:46:34,8.2645,1,383809,2.0,10.0
complete,5,NO,English - international,0,500028359,2014-05-03 05:56:51,64.4628,1,364983,1.0,78.0
complete,3,FR,Français,0,300040156,2014-05-03 06:44:27,13.6364,1,375668,2.0,16.5
complete,3,FR,Français,0,300040157,2014-05-03 06:46:54,22.314,1,246760,1.0,27.0
complete,11,NL,Nederlands,0,1100042157,2014-05-03 07:19:26,84.2975,4,610882,4.0,13.0
complete,11,NL,Nederlands,0,1100042157,2014-05-03 07:19:26,84.2975,4,610967,4.0,13.0
complete,11,NL,Nederlands,0,1100042157,2014-05-03 07:19:26,84.2975,4,460180,1.0,38.5
complete,11,NL,Nederlands,0,1100042157,2014-05-03 07:19:26,84.2975,4,298202,1.0,37.5
complete,11,NL,Nederlands,0,1100042158,2014-05-03 07:31:40,47.1074,1,378645,1.0,57.0
complete,4,GB,English,0,400079041,2014-05-03 07:32:57,0.0,1,423468,1.0,0.0
complete,11,NL,Nederlands,0,1100042159,2014-05-03 07:33:47,47.1074,1,378645,1.0,57.0
complete,5,NO,English - international,0,500028361,2014-05-03 07:46:15,9.9174,1,196423,1.0,12.0
complete,11,NL,Nederlands,0,1100042163,2014-05-03 08:04:55,20.6612,1,371905,1.0,25.0
complete,3,FR,Français,0,300040158,2014-05-03 08:18:58,35.9504,1,333460,1.0,43.5
complete,3,FR,Français,0,300040159,2014-05-03 08:20:34,42.1488,1,246265,1.0,51.0
complete,3,FR,Français,0,300040161,2014-05-03 08:25:26,63.6364,2,264788,1.0,49.5
complete,3,FR,Français,0,300040161,2014-05-03 08:25:26,63.6364,2,385285,1.0,27.5
complete,11,NL,Nederlands,0,1100042164,2014-05-03 08:26:08,0.0,1,383809,1.0,0.0
complete,4,GB,English,0,400079048,2014-05-03 08:31:11,0.0,1,334122,1.0,0.0
complete,11,NL,Nederlands,0,1100042166,2014-05-03 08:32:54,0.0,1,371882,1.0,0.0
complete,4,GB,English,0,400079050,2014-05-03 08:36:09,35.0,1,246784,1.0,42.0
complete,11,NL,Nederlands,0,1100042169,2014-05-03 09:00:36,0.0,1,372742,1.0,0.0
complete,5,AU,English - international,0,500028362,2014-05-03 09:10:27,35.124,1,101106,1.0,42.5
complete,11,NL,Nederlands,0,1100042171,2014-05-03 09:26:07,4.1322,1,383809,1.0,5.0
complete,3,FR,Français,0,300040163,2014-05-03 09:30:59,0.0,1,384189,1.0,0.0
complete,11,NL,Nederlands,0,1100042173,2014-05-03 09:31:15,20.6612,1,423468,1.0,25.0
complete,4,GB,English,0,400079065,2014-05-03 09:42:47,0.0,2,384202,1.0,0.0
complete,4,GB,English,0,400079065,2014-05-03 09:42:47,0.0,2,383908,1.0,0.0
complete,4,GB,English,0,400079066,2014-05-03 09:44:44,7.0833,1,383809,2.0,8.5
complete,3,FR,Français,0,300040164,2014-05-03 09:49:26,33.0579,1,298868,1.0,40.0
complete,3,FR,Français,0,300040165,2014-05-03 09:55:11,20.6612,1,334122,1.0,25.0
complete,11,NL,Nederlands,0,1100042177,2014-05-03 10:02:19,0.0,1,480225,1.0,0.0
complete,3,FR,Français,0,300040166,2014-05-03 10:15:19,57.8512,1,611223,1.0,70.0
complete,3,FR,Français,0,300040167,2014-05-03 10:31:33,4.1322,1,383809,1.0,5.0
complete,4,GB,English,0,400079076,2014-05-03 10:51:39,3.5417,1,383809,1.0,4.25
canceled,11,NL,Nederlands,0,1100042182,2014-05-03 10:52:28,20.6612,1,384189,1.0,25.0
complete,4,GB,English,0,400079077,2014-05-03 10:58:12,0.0,1,480225,1.0,0.0
complete,3,FR,Français,0,300040168,2014-05-03 11:09:08,12.3967,1,383809,3.0,15.0
complete,5,IL,English - international,0,500028366,2014-05-03 11:22:41,20.6612,2,480225,4.0,10.0
complete,5,IL,English - international,0,500028366,2014-05-03 11:22:41,20.6612,2,383908,1.0,15.0
complete,4,GB,English,0,400079086,2014-05-03 11:24:57,17.7083,1,395444,1.0,21.25
complete,4,GB,English,0,400079087,2014-05-03 11:26:25,0.0,1,418365,1.0,0.0
complete,11,NL,Nederlands,0,1100042183,2014-05-03 11:27:42,2.0661,1,480225,1.0,2.5
complete,4,GB,English,0,400079088,2014-05-03 11:27:50,0.0,1,346583,1.0,0.0
complete,5,IL,English - international,0,500028367,2014-05-03 11:31:06,4.1322,1,383809,1.0,5.0
complete,3,FR,Français,0,300040171,2014-05-03 11:42:40,24.7934,2,334122,1.0,25.0
complete,3,FR,Français,0,300040171,2014-05-03 11:42:40,24.7934,2,383809,1.0,5.0
complete,12,BE,Belgium/Nederlands,0,1200003995,2014-05-03 11:43:16,45.4132,2,196423,1.0,9.95
complete,12,BE,Belgium/Nederlands,0,1200003995,2014-05-03 11:43:16,45.4132,2,101465,1.0,45.0
complete,3,FR,Français,0,300040172,2014-05-03 11:47:13,134.7107,1,361722,1.0,163.0
complete,3,FR,Français,0,300040173,2014-05-03 11:54:00,0.0,1,480225,1.0,0.0
complete,3,FR,Français,0,300040175,2014-05-03 12:03:38,81.8182,1,375842,1.0,99.0
complete,3,FR,Français,0,300040177,2014-05-03 12:15:21,0.0,1,334122,1.0,0.0
complete,11,NL,Nederlands,0,1100042185,2014-05-03 12:17:02,4.1322,1,383809,1.0,5.0
complete,12,BE,Belgium/Nederlands,0,1200003996,2014-05-03 12:28:05,34.0909,1,375668,5.0,41.25
complete,3,FR,Français,0,300040178,2014-05-03 12:37:21,148.7603,1,348549,1.0,180.0
complete,11,NL,Nederlands,0,1100042188,2014-05-03 12:41:59,51.5909,6,610165,2.0,9.5
complete,11,NL,Nederlands,0,1100042188,2014-05-03 12:41:59,51.5909,6,610141,2.0,9.5
complete,11,NL,Nederlands,0,1100042188,2014-05-03 12:41:59,51.5909,6,610646,4.0,17.0
complete,11,NL,Nederlands,0,1100042188,2014-05-03 12:41:59,51.5909,6,610264,1.0,5.975
complete,11,NL,Nederlands,0,1100042188,2014-05-03 12:41:59,51.5909,6,610226,2.0,8.5
complete,11,NL,Nederlands,0,1100042188,2014-05-03 12:41:59,51.5909,6,611902,2.0,11.95
complete,3,FR,Français,0,300040183,2014-05-03 13:16:58,6.1983,2,391460,1.0,5.0
complete,3,FR,Français,0,300040183,2014-05-03 13:16:58,6.1983,2,392269,1.0,2.5
complete,4,GB,English,0,400079102,2014-05-03 13:23:16,0.0,1,346569,1.0,0.0
complete,4,GB,English,0,400079104,2014-05-03 13:27:13,8.9583,1,311444,1.0,10.75
complete,4,GB,English,0,400079105,2014-05-03 13:38:25,17.7083,1,334122,1.0,21.25
new,3,FR,Français,0,300040184,2014-05-03 13:43:50,58.2645,2,299445,1.0,45.5
new,3,FR,Français,0,300040184,2014-05-03 13:43:50,58.2645,2,384189,1.0,25.0
canceled,5,ES,English - international,0,900002298,2014-05-03 14:01:46,33.0579,1,394768,1.0,40.0
complete,5,ES,English - international,0,900002299,2014-05-03 14:17:52,0.0,1,346569,1.0,0.0
complete,4,GB,English,0,400079113,2014-05-03 14:48:55,0.0,1,384202,1.0,0.0
complete,11,NL,Nederlands,0,1100042201,2014-05-03 14:58:59,4.1322,1,383809,1.0,5.0
complete,3,FR,Français,0,300040185,2014-05-03 15:01:31,0.0,1,346583,1.0,0.0
complete,4,GB,English,0,400079115,2014-05-03 15:03:47,3.5417,1,383809,1.0,4.25
complete,11,NL,Nederlands,0,1100042202,2014-05-03 15:09:03,0.0,1,383809,1.0,0.0
complete,4,GB,English,0,400079118,2014-05-03 15:33:17,7.0833,1,296789,1.0,8.5
complete,4,GB,English,0,400079120,2014-05-03 15:51:07,57.5,1,475900,1.0,69.0
canceled,3,FR,Français,0,300040187,2014-05-03 15:57:22,8.2645,1,383809,2.0,10.0
complete,4,GB,English,0,400079122,2014-05-03 16:00:32,28.3333,1,346583,1.0,34.0
complete,3,FR,Français,0,300040188,2014-05-03 16:00:38,8.2645,1,480225,4.0,10.0
complete,3,FR,Français,0,300040189,2014-05-03 16:03:18,8.2645,1,383809,2.0,10.0
complete,4,GB,English,0,400079123,2014-05-03 16:03:47,17.7083,1,334122,1.0,21.25
complete,3,FR,Français,0,300040190,2014-05-03 16:07:45,46.405,3,245305,1.0,42.0
complete,3,FR,Français,0,300040190,2014-05-03 16:07:45,46.405,3,482069,2.0,7.9
complete,3,FR,Français,0,300040190,2014-05-03 16:07:45,46.405,3,348983,1.0,6.25
complete,4,GB,English,0,400079125,2014-05-03 16:20:33,17.7083,1,334122,1.0,21.25
complete,8,DE,Deutsch,0,800006052,2014-05-03 16:39:21,19.4215,2,476204,1.0,11.75
complete,8,DE,Deutsch,0,800006052,2014-05-03 16:39:21,19.4215,2,476181,1.0,11.75
complete,3,FR,Français,0,300040192,2014-05-03 16:40:39,4.1322,1,383809,1.0,5.0
complete,5,IT,English - international,0,500028369,2014-05-03 16:46:06,6.1983,1,383342,3.0,7.5
complete,11,NL,Nederlands,0,1100042207,2014-05-03 17:20:37,20.6612,1,334122,1.0,25.0
complete,11,NL,Nederlands,0,1100042208,2014-05-03 17:24:21,120.6612,1,482540,1.0,146.0
complete,11,NL,Nederlands,0,1100042209,2014-05-03 17:24:47,20.6612,1,371905,1.0,25.0
complete,3,FR,Français,0,300040194,2014-05-03 17:27:38,4.1322,1,383809,1.0,5.0
complete,3,FR,Français,0,300040197,2014-05-03 17:52:09,137.1901,1,424243,1.0,166.0
complete,4,GB,English,0,400079131,2014-05-03 17:54:54,3.5417,1,383809,1.0,4.25
complete,3,FR,Français,0,300040198,2014-05-03 18:10:12,42.1488,2,375668,4.0,33.0
complete,3,FR,Français,0,300040198,2014-05-03 18:10:12,42.1488,2,361982,4.0,18.0
new,5,IE,English - international,0,500028371,2014-05-03 18:10:40,8.2645,1,383809,2.0,10.0
complete,3,FR,Français,0,300040201,2014-05-03 18:47:56,62.8099,1,385766,2.0,76.0
complete,4,GB,English,0,400079139,2014-05-03 19:23:37,0.0,1,334122,1.0,0.0
complete,8,DE,Deutsch,0,800006054,2014-05-03 20:04:34,4.1322,1,414183,2.0,5.0
complete,11,NL,Nederlands,0,1100042220,2014-05-03 20:52:58,20.6612,1,384189,1.0,25.0
complete,13,BE,Belgium/Français,0,1300003765,2014-05-03 20:53:05,119.8347,1,100260,1.0,145.0
complete,11,NL,Nederlands,0,1100042221,2014-05-03 21:08:46,27.1488,2,612121,2.0,4.95
complete,11,NL,Nederlands,0,1100042221,2014-05-03 21:08:46,27.1488,2,611940,4.0,27.9
complete,3,FR,Français,0,300040204,2014-05-04 00:15:55,43.3884,1,375705,5.0,52.5
complete,5,US,English - international,0,500028376,2014-05-04 03:58:10,0.0,1,480225,1.0,0.0
complete,3,FR,Français,0,300040205,2014-05-04 05:44:22,8.2645,1,383809,2.0,10.0
complete,3,FR,Français,0,300040207,2014-05-04 07:25:42,2.0661,1,384165,1.0,2.5
new,3,FR,Français,0,300040208,2014-05-04 07:33:42,90.9091,1,101281,1.0,110.0
new,3,FR,Français,0,300040209,2014-05-04 07:39:05,90.9091,1,101281,1.0,110.0
complete,3,FR,Français,0,300040210,2014-05-04 07:40:46,262.8099,3,348549,1.0,180.0
complete,3,FR,Français,0,300040210,2014-05-04 07:40:46,262.8099,3,371547,2.0,84.0
complete,3,FR,Français,0,300040210,2014-05-04 07:40:46,262.8099,3,311741,2.0,54.0
complete,4,GB,English,0,400079161,2014-05-04 07:41:55,17.7083,1,423468,1.0,21.25
complete,3,FR,Français,0,300040211,2014-05-04 07:47:28,4.1322,1,418365,1.0,5.0
complete,4,GB,English,0,400079162,2014-05-04 07:58:28,1.7917,1,480225,1.0,2.15
canceled,3,FR,Français,0,300040213,2014-05-04 08:03:33,61.9835,1,350184,1.0,75.0
complete,3,FR,Français,0,300040214,2014-05-04 08:07:33,61.9835,1,350184,1.0,75.0
complete,4,GB,English,0,400079165,2014-05-04 08:08:59,28.3333,1,298868,1.0,34.0
complete,3,FR,Français,0,300040215,2014-05-04 08:09:27,81.8182,1,375842,1.0,99.0
complete,4,GB,English,0,400079166,2014-05-04 08:12:44,17.7083,1,371905,1.0,21.25
complete,4,GB,English,0,400079168,2014-05-04 08:16:36,28.3333,1,346569,1.0,34.0
complete,11,NL,Nederlands,0,1100042227,2014-05-04 08:20:20,0.0,1,700262,1.0,0.0
complete,13,BE,Belgium/Français,0,1300003766,2014-05-04 08:27:05,20.6612,1,423468,1.0,25.0
complete,12,BE,Belgium/Nederlands,0,1200004004,2014-05-04 08:34:04,11.5289,1,620720,1.0,13.95
complete,3,FR,Français,0,300040217,2014-05-04 08:40:22,90.9091,1,101304,1.0,110.0
complete,3,FR,Français,0,300040218,2014-05-04 09:10:12,33.0579,1,371882,1.0,40.0
new,4,GB,English,0,400079177,2014-05-04 09:34:01,3.5417,1,383809,1.0,4.25
complete,4,GB,English,0,400079180,2014-05-04 09:38:26,3.5417,1,383809,1.0,4.25
complete,3,FR,Français,0,300040220,2014-05-04 09:45:29,114.876,1,475924,1.0,139.0
complete,4,GB,English,0,400079185,2014-05-04 09:50:17,0.0,1,383809,1.0,0.0
complete,4,GB,English,0,400079187,2014-05-04 09:57:30,0.0,1,298868,1.0,0.0
complete,11,NL,Nederlands,0,1100042232,2014-05-04 10:06:45,14.2562,1,101861,1.0,17.25
complete,3,FR,Français,0,300040223,2014-05-04 10:07:11,33.0579,1,383885,1.0,40.0
complete,3,FR,Français,0,300040225,2014-05-04 10:18:41,4.1322,1,383809,1.0,5.0
complete,4,GB,English,0,400079190,2014-05-04 10:18:41,1.7917,1,700262,1.0,2.15
complete,3,FR,Français,0,300040227,2014-05-04 10:20:59,0.0,1,383809,1.0,0.0
complete,3,FR,Français,0,300040228,2014-05-04 10:21:46,42.1488,1,246265,1.0,51.0
complete,13,BE,Belgium/Français,0,1300003768,2014-05-04 10:32:04,33.0579,1,383885,1.0,40.0
complete,3,FR,Français,0,300040229,2014-05-04 10:32:22,30.9917,1,101106,1.0,37.5
complete,3,FR,Français,0,300040230,2014-05-04 10:33:54,74.2562,3,101700,1.0,29.95
complete,3,FR,Français,0,300040230,2014-05-04 10:33:54,74.2562,3,101762,1.0,29.95
complete,3,FR,Français,0,300040230,2014-05-04 10:33:54,74.2562,3,101823,1.0,29.95
complete,3,FR,Français,0,300040231,2014-05-04 10:45:09,125.6198,1,424205,1.0,152.0
complete,4,GB,English,0,400079195,2014-05-04 10:48:56,0.0,1,700941,1.0,0.0
complete,3,FR,Français,0,300040232,2014-05-04 10:51:37,81.8182,1,375842,1.0,99.0
complete,8,DE,Deutsch,0,800006056,2014-05-04 11:03:17,22.314,1,245343,1.0,27.0
complete,8,DE,Deutsch,0,800006057,2014-05-04 11:07:15,121.2397,3,266782,1.0,22.75
complete,8,DE,Deutsch,0,800006057,2014-05-04 11:07:15,121.2397,3,345647,1.0,114.0
complete,8,DE,Deutsch,0,800006057,2014-05-04 11:07:15,121.2397,3,196423,1.0,9.95
complete,5,ES,English - international,0,900002301,2014-05-04 11:14:58,12.3967,1,311444,1.0,15.0
complete,4,GB,English,0,400079201,2014-05-04 11:23:51,0.0,1,423468,1.0,0.0
complete,8,DE,Deutsch,0,800006059,2014-05-04 11:24:46,70.2066,1,102264,1.0,84.95
complete,11,NL,Nederlands,0,1100042241,2014-05-04 11:40:23,0.0,1,384202,1.0,0.0
complete,5,GR,English - international,0,500028385,2014-05-04 11:51:08,20.6612,1,384189,1.0,25.0
complete,4,GB,English,0,400079205,2014-05-04 11:53:16,3.5417,1,383809,1.0,4.25
complete,3,FR,Français,0,300040233,2014-05-04 12:06:57,57.438,2,483745,1.0,63.0
complete,3,FR,Français,0,300040233,2014-05-04 12:06:57,57.438,2,362002,1.0,6.5
canceled,3,FR,Français,0,300040234,2014-05-04 12:12:34,142.1488,1,390821,1.0,172.0
new,3,FR,Français,0,300040235,2014-05-04 12:14:52,7.3554,2,482045,1.0,4.95
new,3,FR,Français,0,300040235,2014-05-04 12:14:52,7.3554,2,482083,1.0,3.95
complete,3,FR,Français,0,300040236,2014-05-04 12:15:57,147.9339,1,378768,1.0,179.0
complete,3,FR,Français,0,300040237,2014-05-04 12:21:11,6.1983,2,480225,1.0,2.5
complete,3,FR,Français,0,300040237,2014-05-04 12:21:11,6.1983,2,383809,1.0,5.0
complete,3,FR,Français,0,300040238,2014-05-04 12:22:38,0.0,1,383809,1.0,0.0
complete,3,FR,Français,0,300040239,2014-05-04 12:22:57,142.1488,1,390821,1.0,172.0
complete,11,NL,Nederlands,0,1100042246,2014-05-04 12:47:33,0.0,1,480225,1.0,0.0
complete,11,NL,Nederlands,0,1100042248,2014-05-04 13:05:13,0.0,1,383809,1.0,0.0
complete,4,GB,English,0,400079214,2014-05-04 13:14:46,0.0,1,383809,1.0,0.0
complete,11,NL,Nederlands,0,1100042252,2014-05-04 13:20:09,0.0,1,391385,1.0,0.0
complete,4,GB,English,0,400079217,2014-05-04 13:55:53,0.0,1,383885,1.0,0.0
complete,11,NL,Nederlands,0,1100042254,2014-05-04 14:03:09,0.0,1,383809,1.0,0.0
complete,11,NL,Nederlands,0,1100042255,2014-05-04 14:15:41,4.1322,1,383809,1.0,5.0
complete,3,FR,Français,0,300040242,2014-05-04 14:34:08,183.6364,10,482045,2.0,9.9
complete,3,FR,Français,0,300040242,2014-05-04 14:34:08,183.6364,10,482069,2.0,7.9
complete,3,FR,Français,0,300040242,2014-05-04 14:34:08,183.6364,10,482083,2.0,7.9
complete,3,FR,Français,0,300040242,2014-05-04 14:34:08,183.6364,10,477225,1.0,90.0
complete,3,FR,Français,0,300040242,2014-05-04 14:34:08,183.6364,10,382680,1.0,15.25
complete,3,FR,Français,0,300040242,2014-05-04 14:34:08,183.6364,10,100840,1.0,32.5
complete,3,FR,Français,0,300040242,2014-05-04 14:34:08,183.6364,10,348983,2.0,12.5
complete,3,FR,Français,0,300040242,2014-05-04 14:34:08,183.6364,10,361982,2.0,9.0
complete,3,FR,Français,0,300040242,2014-05-04 14:34:08,183.6364,10,375668,2.0,16.5
complete,3,FR,Français,0,300040242,2014-05-04 14:34:08,183.6364,10,332005,1.0,20.75
complete,11,NL,Nederlands,0,1100042257,2014-05-04 14:37:06,1.2397,1,700323,1.0,1.5
complete,3,FR,Français,0,300040244,2014-05-04 14:54:23,33.0579,1,371882,1.0,40.0
complete,3,FR,Français,0,300040246,2014-05-04 15:19:02,84.2975,1,246265,2.0,102.0
complete,3,FR,Français,0,300040247,2014-05-04 15:19:49,33.0579,1,346583,1.0,40.0
complete,13,BE,Belgium/Français,0,1300003770,2014-05-04 15:27:57,130.1653,4,420184,1.0,11.5
complete,13,BE,Belgium/Français,0,1300003770,2014-05-04 15:27:57,130.1653,4,480768,1.0,98.0
complete,13,BE,Belgium/Français,0,1300003770,2014-05-04 15:27:57,130.1653,4,480867,1.0,28.5
complete,13,BE,Belgium/Français,0,1300003770,2014-05-04 15:27:57,130.1653,4,395420,1.0,19.5
complete,3,FR,Français,0,300040248,2014-05-04 15:30:09,10.5372,1,311444,1.0,12.75
complete,3,FR,Français,0,300040249,2014-05-04 15:38:10,28.8843,1,480607,1.0,34.95
complete,11,NL,Nederlands,0,1100042262,2014-05-04 15:54:59,0.0,1,371882,1.0,0.0
new,3,FR,Français,0,300040251,2014-05-04 15:57:42,4.1322,1,418365,1.0,5.0
complete,3,FR,Français,0,300040252,2014-05-04 15:59:44,113.2231,1,100222,1.0,137.0
complete,4,GB,English,0,400079231,2014-05-04 16:13:44,0.0,1,383809,1.0,0.0
complete,4,GB,English,0,400079237,2014-05-04 16:37:09,73.2917,2,360206,1.0,76.0
complete,4,GB,English,0,400079237,2014-05-04 16:37:09,73.2917,2,382703,1.0,11.95
complete,3,FR,Français,0,300040255,2014-05-04 16:46:34,0.0,1,418365,1.0,0.0
complete,3,FR,Français,0,300040256,2014-05-04 16:58:52,10.5372,1,313868,1.0,12.75
complete,4,GB,English,0,400079240,2014-05-04 16:59:11,0.0,1,371905,1.0,0.0
complete,4,GB,English,0,400079241,2014-05-04 17:03:39,0.0,1,477447,1.0,0.0
complete,12,BE,Belgium/Nederlands,0,1200004009,2014-05-04 17:06:27,41.6942,2,484025,1.0,40.5
complete,12,BE,Belgium/Nederlands,0,1200004009,2014-05-04 17:06:27,41.6942,2,484049,1.0,9.95
new,11,NL,Nederlands,1,1100042269,2014-05-04 17:07:23,33.0579,1,371882,1.0,40.0
complete,3,FR,Français,0,300040258,2014-05-04 17:09:40,58.5124,4,181122,1.0,19.95
complete,3,FR,Français,0,300040258,2014-05-04 17:09:40,58.5124,4,481642,1.0,9.95
complete,3,FR,Français,0,300040258,2014-05-04 17:09:40,58.5124,4,481666,1.0,10.95
complete,3,FR,Français,0,300040258,2014-05-04 17:09:40,58.5124,4,101700,1.0,29.95
complete,3,FR,Français,0,300040259,2014-05-04 17:12:39,85.9504,2,375842,1.0,99.0
complete,3,FR,Français,0,300040259,2014-05-04 17:12:39,85.9504,2,710186,1.0,5.0
complete,3,FR,Français,0,300040261,2014-05-04 17:25:00,114.876,1,475924,1.0,139.0
complete,12,BE,Belgium/Nederlands,0,1200004010,2014-05-04 17:32:46,91.281,3,483462,1.0,29.95
complete,12,BE,Belgium/Nederlands,0,1200004010,2014-05-04 17:32:46,91.281,3,483400,1.0,34.0
complete,12,BE,Belgium/Nederlands,0,1200004010,2014-05-04 17:32:46,91.281,3,483349,1.0,46.5
complete,5,AT,English - international,0,500028392,2014-05-04 17:43:07,45.4545,1,246265,1.0,55.0
complete,11,NL,Nederlands,0,1100042271,2014-05-04 18:03:31,0.0,1,371882,1.0,0.0
complete,3,FR,Français,0,300040262,2014-05-04 18:11:06,16.5289,1,393785,1.0,20.0
canceled,3,FR,Français,0,300040264,2014-05-04 18:17:44,113.2231,1,100222,1.0,137.0
complete,4,GB,English,0,400079249,2014-05-04 18:28:28,7.0833,1,383922,1.0,8.5
complete,12,BE,Belgium/Nederlands,0,1200004012,2014-05-04 18:29:51,0.0,1,700941,1.0,0.0
complete,3,FR,Français,0,300040265,2014-05-04 18:31:05,20.6612,1,334122,1.0,25.0
complete,8,DE,Deutsch,0,800006063,2014-05-04 18:33:02,8.2645,1,364860,1.0,10.0
complete,4,GB,English,0,400079250,2014-05-04 18:34:01,28.3333,1,298868,1.0,34.0
canceled,3,FR,Français,0,300040266,2014-05-04 18:34:24,113.2231,1,100222,1.0,137.0
complete,4,GB,English,0,400079252,2014-05-04 18:37:46,17.7083,1,371905,1.0,21.25
complete,4,GB,English,0,400079253,2014-05-04 18:41:01,17.7083,1,334122,1.0,21.25
complete,3,FR,Français,0,300040270,2014-05-04 18:48:44,4.1322,1,383809,1.0,5.0
complete,3,FR,Français,0,300040271,2014-05-04 19:04:59,114.876,1,475924,1.0,139.0
complete,3,FR,Français,0,300040272,2014-05-04 19:05:51,220.5785,4,401084,1.0,207.0
complete,3,FR,Français,0,300040272,2014-05-04 19:05:51,220.5785,4,246265,1.0,51.0
complete,3,FR,Français,0,300040272,2014-05-04 19:05:51,220.5785,4,482069,1.0,3.95
complete,3,FR,Français,0,300040272,2014-05-04 19:05:51,220.5785,4,482045,1.0,4.95
complete,4,GB,English,0,400079261,2014-05-04 19:34:18,28.3333,1,383885,1.0,34.0
complete,3,FR,Français,0,300040273,2014-05-04 19:46:17,10.5372,1,311444,1.0,12.75
complete,4,GB,English,0,400079263,2014-05-04 19:56:40,0.0,1,383809,1.0,0.0
complete,3,FR,Français,0,300040276,2014-05-04 20:03:14,41.3223,2,383809,2.0,10.0
complete,3,FR,Français,0,300040276,2014-05-04 20:03:14,41.3223,2,298868,1.0,40.0
complete,4,GB,English,0,400079265,2014-05-04 20:04:00,0.0,1,480225,1.0,0.0
complete,3,FR,Français,0,300040277,2014-05-04 20:10:07,0.0,1,383809,1.0,0.0
complete,5,IE,English - international,0,500028393,2014-05-04 20:17:29,0.0,1,346583,1.0,0.0
canceled,13,BE,Belgium/Français,0,1300003771,2014-05-04 20:18:14,51.1364,9,400308,1.0,4.5
canceled,13,BE,Belgium/Français,0,1300003771,2014-05-04 20:18:14,51.1364,9,400261,1.0,5.25
canceled,13,BE,Belgium/Français,0,1300003771,2014-05-04 20:18:14,51.1364,9,400285,1.0,6.75
canceled,13,BE,Belgium/Français,0,1300003771,2014-05-04 20:18:14,51.1364,9,400469,1.0,6.75
canceled,13,BE,Belgium/Français,0,1300003771,2014-05-04 20:18:14,51.1364,9,400421,1.0,9.25
canceled,13,BE,Belgium/Français,0,1300003771,2014-05-04 20:18:14,51.1364,9,400483,1.0,9.25
canceled,13,BE,Belgium/Français,0,1300003771,2014-05-04 20:18:14,51.1364,9,400568,1.0,9.25
canceled,13,BE,Belgium/Français,0,1300003771,2014-05-04 20:18:14,51.1364,9,400582,1.0,9.25
canceled,13,BE,Belgium/Français,0,1300003771,2014-05-04 20:18:14,51.1364,9,621543,1.0,1.625
new,11,NL,Nederlands,0,1100042275,2014-05-04 20:19:16,33.0579,1,371882,1.0,40.0
complete,3,FR,Français,0,300040278,2014-05-04 20:26:54,114.876,1,475924,1.0,139.0
complete,4,GB,English,0,400079273,2014-05-04 20:29:47,0.0,1,334122,1.0,0.0
complete,3,FR,Français,0,300040279,2014-05-04 20:50:12,78.595,3,335341,1.0,31.5
complete,3,FR,Français,0,300040279,2014-05-04 20:50:12,78.595,3,484063,3.0,29.85
complete,3,FR,Français,0,300040279,2014-05-04 20:50:12,78.595,3,333521,3.0,33.75
complete,4,GB,English,0,400079277,2014-05-04 20:51:13,3.5417,1,383809,1.0,4.25
complete,3,FR,Français,0,300040280,2014-05-04 20:57:12,49.5041,2,101724,1.0,29.95
complete,3,FR,Français,0,300040280,2014-05-04 20:57:12,49.5041,2,101700,1.0,29.95
new,11,NL,Nederlands,0,1100042276,2014-05-04 21:13:20,33.0579,1,371882,1.0,40.0
complete,4,GB,English,0,400079278,2014-05-04 21:18:06,0.0,1,384165,1.0,0.0
new,3,FR,Français,0,300040282,2014-05-04 21:44:58,114.876,1,475924,1.0,139.0
complete,4,GB,English,0,400079284,2014-05-04 21:47:25,0.0,1,480225,1.0,0.0
complete,4,GB,English,0,400079286,2014-05-04 23:38:38,31.875,2,298868,1.0,34.0
complete,4,GB,English,0,400079286,2014-05-04 23:38:38,31.875,2,482045,1.0,4.25
complete,4,GB,English,0,400079287,2014-05-05 00:03:43,0.0,1,384189,1.0,0.0
complete,4,GB,English,0,400079288,2014-05-05 01:27:37,28.3333,1,346583,1.0,34.0
complete,3,FR,Français,0,300040284,2014-05-05 06:06:05,28.0165,3,423468,1.0,25.0
complete,3,FR,Français,0,300040284,2014-05-05 06:06:05,28.0165,3,482045,1.0,4.95
complete,3,FR,Français,0,300040284,2014-05-05 06:06:05,28.0165,3,482069,1.0,3.95
complete,3,FR,Français,0,300040285,2014-05-05 06:29:33,114.876,1,475924,1.0,139.0
complete,5,ES,English - international,0,900002302,2014-05-05 07:06:06,0.0,1,383885,1.0,0.0
complete,3,FR,Français,0,300040288,2014-05-05 07:22:59,34.7107,1,371547,1.0,42.0
canceled,11,NL,Nederlands,0,1100042281,2014-05-05 07:24:52,33.0579,1,371882,1.0,40.0
complete,11,NL,Nederlands,0,1100042283,2014-05-05 07:31:08,33.0579,1,371882,1.0,40.0
complete,3,FR,Français,0,300040290,2014-05-05 07:33:53,34.7107,1,246784,1.0,42.0
complete,3,FR,Français,0,300040291,2014-05-05 08:02:14,0.0,1,346583,1.0,0.0
complete,3,FR,Français,0,300040292,2014-05-05 08:03:55,0.0,1,346583,1.0,0.0
complete,5,LU,English - international,0,600002752,2014-05-05 08:11:28,8.2645,2,480225,2.0,5.0
complete,5,LU,English - international,0,600002752,2014-05-05 08:11:28,8.2645,2,383809,1.0,5.0
complete,3,FR,Français,0,300040293,2014-05-05 08:13:14,33.0579,1,371882,1.0,40.0
complete,5,GB,English - international,0,500028397,2014-05-05 08:15:02,0.0,1,383809,1.0,0.0
complete,5,GB,English - international,0,500028398,2014-05-05 08:17:40,0.0,1,395468,1.0,0.0
complete,8,DE,Deutsch,0,800006069,2014-05-05 08:19:04,66.9008,4,480225,1.0,2.5
complete,8,DE,Deutsch,0,800006069,2014-05-05 08:19:04,66.9008,4,383809,1.0,5.0
complete,8,DE,Deutsch,0,800006069,2014-05-05 08:19:04,66.9008,4,132841,1.0,43.5
complete,8,DE,Deutsch,0,800006069,2014-05-05 08:19:04,66.9008,4,101762,1.0,29.95
complete,13,BE,Belgium/Français,0,1300003773,2014-05-05 08:24:54,138.843,1,480805,1.0,168.0
complete,5,IE,English - international,0,500028399,2014-05-05 08:31:26,0.0,1,383809,1.0,0.0
complete,4,GB,English,0,400079296,2014-05-05 08:35:57,35.0,1,246784,1.0,42.0
canceled,3,FR,Français,0,300040297,2014-05-05 08:41:36,114.876,1,475924,1.0,139.0
complete,4,GB,English,0,400079297,2014-05-05 08:43:13,28.3333,1,346569,1.0,34.0
canceled,3,FR,Français,0,300040298,2014-05-05 08:45:27,114.876,1,475924,1.0,139.0
new,3,FR,Français,0,300040299,2014-05-05 08:51:09,114.876,1,475924,1.0,139.0
complete,5,CH,English - international,0,500028400,2014-05-05 08:52:04,0.0,1,371905,1.0,0.0
complete,11,NL,Nederlands,0,1100042290,2014-05-05 08:53:41,0.0,1,383847,1.0,0.0
complete,3,FR,Français,0,300040300,2014-05-05 08:54:40,76.8595,2,246265,1.0,51.0
complete,3,FR,Français,0,300040300,2014-05-05 08:54:40,76.8595,2,246784,1.0,42.0
complete,4,GB,English,0,400079298,2014-05-05 09:07:35,17.7083,1,334122,1.0,21.25
complete,4,GB,English,0,400079300,2014-05-05 09:13:10,3.5417,1,383809,1.0,4.25
complete,4,GB,English,0,400079306,2014-05-05 09:27:30,3.5417,1,383809,1.0,4.25
complete,4,GB,English,0,400079307,2014-05-05 09:29:06,0.0,1,480225,1.0,0.0
complete,5,ES,English - international,0,900002304,2014-05-05 09:44:11,0.0,1,384165,1.0,0.0
complete,4,GB,English,0,400079309,2014-05-05 09:45:10,28.3333,1,346583,1.0,34.0
complete,4,GB,English,0,400079313,2014-05-05 10:07:46,0.0,2,383809,1.0,0.0
complete,4,GB,English,0,400079313,2014-05-05 10:07:46,0.0,2,480225,1.0,0.0
complete,3,FR,Français,0,300040307,2014-05-05 10:14:20,44.6281,1,397066,1.0,54.0
complete,3,FR,Français,0,300040309,2014-05-05 10:20:29,8.2645,1,383809,2.0,10.0
complete,3,FR,Français,0,300040310,2014-05-05 10:26:07,142.1488,1,390821,1.0,172.0
canceled,3,FR,Français,0,300040311,2014-05-05 10:28:46,2.0661,1,480225,1.0,2.5
new,3,FR,Français,0,300040312,2014-05-05 10:36:59,2.0661,1,480225,1.0,2.5
complete,4,GB,English,0,400079322,2014-05-05 10:53:22,28.3333,1,298868,1.0,34.0
complete,11,NL,Nederlands,0,1100042306,2014-05-05 10:54:19,6.1983,2,480225,1.0,2.5
complete,11,NL,Nederlands,0,1100042306,2014-05-05 10:54:19,6.1983,2,383809,1.0,5.0
complete,5,ES,English - international,0,900002305,2014-05-05 11:02:14,20.6612,1,371905,1.0,25.0
complete,4,GB,English,0,400079325,2014-05-05 11:03:38,0.0,1,383847,1.0,0.0
complete,4,GB,English,0,400079326,2014-05-05 11:06:40,0.0,1,298868,1.0,0.0
complete,4,GB,English,0,400079327,2014-05-05 11:18:47,8.5417,1,311420,1.0,10.25
complete,4,GB,English,0,400079329,2014-05-05 11:23:02,17.7083,1,334122,1.0,21.25
complete,4,GB,English,0,400079330,2014-05-05 11:24:14,3.5417,1,383809,1.0,4.25
complete,4,GB,English,0,400079331,2014-05-05 11:27:30,16.25,1,101540,1.0,19.5
new,3,FR,Français,0,300040314,2014-05-05 11:31:15,2.0661,1,480225,1.0,2.5
complete,5,NO,English - international,0,500028402,2014-05-05 11:31:55,21.6942,1,101540,1.0,26.25
complete,11,NL,Nederlands,0,1100042308,2014-05-05 11:33:38,0.0,1,298868,1.0,0.0
complete,4,GB,English,0,400079333,2014-05-05 11:37:01,3.5417,1,383809,1.0,4.25
complete,3,FR,Français,0,300040315,2014-05-05 11:40:20,81.8182,1,375842,1.0,99.0
complete,3,FR,Français,0,300040317,2014-05-05 11:52:13,34.7107,1,246784,1.0,42.0
canceled,4,GB,English,0,400079337,2014-05-05 12:01:05,148.3333,2,310942,1.0,89.0
canceled,4,GB,English,0,400079337,2014-05-05 12:01:05,148.3333,2,101366,1.0,89.0
complete,11,NL,Nederlands,0,1100042315,2014-05-05 12:01:15,0.0,1,346583,1.0,0.0
complete,4,GB,English,0,400079339,2014-05-05 12:08:29,148.3333,2,310942,1.0,89.0
complete,4,GB,English,0,400079339,2014-05-05 12:08:29,148.3333,2,101366,1.0,89.0
canceled,13,BE,Belgium/Français,0,1300003775,2014-05-05 12:10:41,33.0579,1,371882,1.0,40.0
complete,11,NL,Nederlands,0,1100042316,2014-05-05 12:13:22,4.1322,1,383809,1.0,5.0
complete,4,GB,English,0,400079341,2014-05-05 12:23:40,0.0,1,480225,1.0,0.0
complete,5,US,English - international,0,500028404,2014-05-05 12:40:07,0.0,2,331183,1.0,0.0
complete,5,US,English - international,0,500028404,2014-05-05 12:40:07,0.0,2,384189,1.0,0.0
complete,4,GB,English,0,400079344,2014-05-05 12:49:04,0.0,1,393761,1.0,0.0
complete,3,FR,Français,0,300040321,2014-05-05 12:52:01,114.876,1,475924,1.0,139.0
complete,3,FR,Français,0,300040322,2014-05-05 12:59:34,114.876,1,475924,1.0,139.0
complete,3,FR,Français,0,300040323,2014-05-05 13:03:51,34.7107,1,371547,1.0,42.0
complete,8,DE,Deutsch,0,800006072,2014-05-05 13:04:02,114.0496,1,364983,2.0,138.0
complete,11,NL,Nederlands,0,1100042320,2014-05-05 13:06:43,2.0661,1,701528,1.0,2.5
complete,3,FR,Français,0,300040324,2014-05-05 13:20:22,0.0,1,346569,1.0,0.0
complete,4,GB,English,0,400079348,2014-05-05 13:27:08,35.0,1,371547,1.0,42.0
complete,4,GB,English,0,400079349,2014-05-05 13:28:06,28.3333,1,384202,1.0,34.0
canceled,3,FR,Français,0,300040326,2014-05-05 13:36:34,112.3967,2,415920,1.0,97.0
canceled,3,FR,Français,0,300040326,2014-05-05 13:36:34,112.3967,2,245329,1.0,39.0
complete,3,FR,Français,0,300040327,2014-05-05 13:36:55,171.9008,2,442261,1.0,166.0
complete,3,FR,Français,0,300040327,2014-05-05 13:36:55,171.9008,2,371547,1.0,42.0
complete,3,FR,Français,0,300040328,2014-05-05 13:38:54,114.876,1,475924,1.0,139.0
complete,3,FR,Français,0,300040329,2014-05-05 13:39:59,129.6281,2,475924,1.0,139.0
complete,3,FR,Français,0,300040329,2014-05-05 13:39:59,129.6281,2,100888,3.0,17.85
new,4,GB,English,0,400079355,2014-05-05 13:57:43,99.1667,1,475924,1.0,119.0
complete,11,NL,Nederlands,0,1100042328,2014-05-05 13:59:28,0.0,1,480225,1.0,0.0
complete,3,FR,Français,0,300040330,2014-05-05 14:04:45,13.6364,1,375668,2.0,16.5
complete,4,GB,English,0,400079357,2014-05-05 14:10:12,0.0,1,383885,1.0,0.0
complete,5,PT,English - international,0,500028405,2014-05-05 14:16:50,2.0661,1,700002,1.0,2.5
new,3,FR,Français,0,300040331,2014-05-05 14:23:38,2.0661,1,480225,1.0,2.5
canceled,3,FR,Français,0,300040332,2014-05-05 14:35:57,2.0661,1,480225,1.0,2.5
complete,3,FR,Français,0,300040333,2014-05-05 14:42:23,12.3967,1,383809,3.0,15.0
complete,3,FR,Français,0,300040334,2014-05-05 14:45:25,2.0661,1,480225,1.0,2.5
complete,3,FR,Français,0,300040335,2014-05-05 14:52:25,21.6942,1,364341,1.0,26.25
complete,4,GB,English,0,400079365,2014-05-05 15:05:24,0.0,1,394744,1.0,0.0
complete,3,FR,Français,0,300040337,2014-05-05 15:16:25,42.1488,1,246265,1.0,51.0
complete,13,BE,Belgium/Français,0,1300003776,2014-05-05 15:30:36,33.0579,1,371882,1.0,40.0
new,3,FR,Français,0,300040338,2014-05-05 15:36:32,42.1488,1,246265,1.0,51.0
complete,4,GB,English,0,400079371,2014-05-05 15:44:43,0.0,1,383809,1.0,0.0
complete,4,GB,English,0,400079377,2014-05-05 16:20:38,0.0,1,383809,1.0,0.0
complete,11,NL,Nederlands,0,1100042340,2014-05-05 16:25:17,0.0,1,383885,1.0,0.0
complete,4,GB,English,0,400079378,2014-05-05 16:25:55,0.0,1,384189,1.0,0.0
canceled,12,BE,Belgium/Nederlands,0,1200004021,2014-05-05 16:37:13,24.7521,1,101748,1.0,29.95
complete,3,FR,Français,0,300040342,2014-05-05 16:51:32,20.6612,1,334122,1.0,25.0
complete,11,NL,Nederlands,0,1100042343,2014-05-05 16:54:57,2.0661,1,381706,1.0,2.5
complete,12,BE,Belgium/Nederlands,0,1200004023,2014-05-05 17:04:33,24.7521,1,101748,1.0,29.95
complete,3,FR,Français,0,300040344,2014-05-05 17:13:52,0.0,1,371905,1.0,0.0
complete,3,FR,Français,0,300040345,2014-05-05 17:16:00,8.2645,1,383809,2.0,10.0
complete,4,GB,English,0,400079382,2014-05-05 17:22:38,65.0,1,310805,1.0,78.0
complete,11,NL,Nederlands,0,1100042347,2014-05-05 17:29:37,113.2231,1,415906,1.0,137.0
complete,12,BE,Belgium/Nederlands,0,1200004025,2014-05-05 17:31:10,24.7521,1,101748,1.0,29.95
complete,13,BE,Belgium/Français,0,1300003777,2014-05-05 17:48:53,129.1322,2,375323,1.0,141.0
complete,13,BE,Belgium/Français,0,1300003777,2014-05-05 17:48:53,129.1322,2,382680,1.0,15.25
complete,12,BE,Belgium/Nederlands,0,1200004026,2014-05-05 17:54:46,24.7521,1,101748,1.0,29.95
complete,12,BE,Belgium/Nederlands,0,1200004028,2014-05-05 18:10:42,24.7521,1,101748,1.0,29.95
complete,4,GB,English,0,400079384,2014-05-05 18:11:56,0.0,1,383885,1.0,0.0
complete,11,NL,Nederlands,0,1100042349,2014-05-05 18:14:21,0.0,1,392269,1.0,0.0
complete,5,GB,English - international,0,500028409,2014-05-05 18:20:01,0.0,1,395468,1.0,0.0
complete,3,FR,Français,0,300040346,2014-05-05 18:35:49,138.7603,18,463105,1.0,6.5
complete,3,FR,Français,0,300040346,2014-05-05 18:35:49,138.7603,18,463228,1.0,6.75
complete,3,FR,Français,0,300040346,2014-05-05 18:35:49,138.7603,18,463266,1.0,6.75
complete,3,FR,Français,0,300040346,2014-05-05 18:35:49,138.7603,18,463686,1.0,6.75
complete,3,FR,Français,0,300040346,2014-05-05 18:35:49,138.7603,18,463709,1.0,6.75
complete,3,FR,Français,0,300040346,2014-05-05 18:35:49,138.7603,18,463723,1.0,6.75
complete,3,FR,Français,0,300040346,2014-05-05 18:35:49,138.7603,18,463747,1.0,6.75
complete,3,FR,Français,0,300040346,2014-05-05 18:35:49,138.7603,18,463785,1.0,6.75
complete,3,FR,Français,0,300040346,2014-05-05 18:35:49,138.7603,18,463822,1.0,6.75
complete,3,FR,Français,0,300040346,2014-05-05 18:35:49,138.7603,18,463860,1.0,6.75
complete,3,FR,Français,0,300040346,2014-05-05 18:35:49,138.7603,18,463327,1.0,8.75
complete,3,FR,Français,0,300040346,2014-05-05 18:35:49,138.7603,18,463600,1.0,8.95
complete,3,FR,Français,0,300040346,2014-05-05 18:35:49,138.7603,18,463884,1.0,9.95
complete,3,FR,Français,0,300040346,2014-05-05 18:35:49,138.7603,18,463020,1.0,17.75
complete,3,FR,Français,0,300040346,2014-05-05 18:35:49,138.7603,18,463624,1.0,10.5
complete,3,FR,Français,0,300040346,2014-05-05 18:35:49,138.7603,18,214585,1.0,12.75
complete,3,FR,Français,0,300040346,2014-05-05 18:35:49,138.7603,18,463808,1.0,6.75
complete,3,FR,Français,0,300040346,2014-05-05 18:35:49,138.7603,18,313066,1.0,25.25
new,12,BE,Belgium/Nederlands,0,1200004033,2014-05-05 18:40:58,6.1983,2,480225,1.0,2.5
new,12,BE,Belgium/Nederlands,0,1200004033,2014-05-05 18:40:58,6.1983,2,383809,1.0,5.0
complete,12,BE,Belgium/Nederlands,0,1200004035,2014-05-05 18:45:46,4.1322,1,383809,1.0,5.0
complete,4,GB,English,0,400079396,2014-05-05 18:48:04,17.7083,1,334122,1.0,21.25
complete,4,GB,English,0,400079397,2014-05-05 18:52:54,17.7083,1,334122,1.0,21.25
complete,4,GB,English,0,400079398,2014-05-05 18:58:10,17.7083,1,384189,1.0,21.25
complete,4,GB,English,0,400079399,2014-05-05 19:02:45,28.3333,1,298868,1.0,34.0
canceled,12,BE,Belgium/Nederlands,0,1200004039,2014-05-05 19:06:42,34.7107,1,246784,1.0,42.0
complete,4,GB,English,0,400079401,2014-05-05 19:09:41,5.375,1,480225,3.0,6.45
complete,11,NL,Nederlands,0,1100042357,2014-05-05 19:14:24,0.0,1,383809,1.0,0.0
new,3,FR,Français,0,300040347,2014-05-05 19:30:12,113.2231,1,100222,1.0,137.0
complete,11,NL,Nederlands,0,1100042360,2014-05-05 19:31:35,0.0,1,384189,1.0,0.0
complete,12,BE,Belgium/Nederlands,0,1200004044,2014-05-05 19:52:36,24.7521,1,101748,1.0,29.95
complete,11,NL,Nederlands,0,1100042364,2014-05-05 19:59:49,0.0,1,701085,1.0,0.0
complete,4,GB,English,0,400079418,2014-05-05 20:06:24,28.3333,1,298868,1.0,34.0
complete,4,GB,English,0,400079421,2014-05-05 20:16:16,28.3333,1,384202,1.0,34.0
complete,4,GB,English,0,400079422,2014-05-05 20:18:23,22.5,1,245343,1.0,27.0
canceled,12,BE,Belgium/Nederlands,0,1200004047,2014-05-05 20:19:39,173.5537,1,100369,1.0,210.0
complete,11,NL,Nederlands,0,1100042368,2014-05-05 20:22:20,0.0,1,383809,1.0,0.0
canceled,3,FR,Français,0,300040348,2014-05-05 20:27:15,45.0413,3,331985,2.0,39.5
canceled,3,FR,Français,0,300040348,2014-05-05 20:27:15,45.0413,3,375705,1.0,10.5
canceled,3,FR,Français,0,300040348,2014-05-05 20:27:15,45.0413,3,361982,1.0,4.5
complete,4,GB,English,0,400079427,2014-05-05 20:49:17,17.7083,1,334122,1.0,21.25
complete,3,FR,Français,0,300040349,2014-05-05 20:50:05,27.2727,1,375668,4.0,33.0
complete,4,GB,English,0,400079430,2014-05-05 21:22:08,0.0,1,383809,1.0,0.0
complete,4,GB,English,0,400079432,2014-05-05 21:41:23,1.7917,1,480225,1.0,2.15
complete,5,ES,English - international,0,900002306,2014-05-05 21:47:23,33.0579,1,383885,1.0,40.0
complete,4,GB,English,0,400079434,2014-05-05 22:01:29,43.6667,2,218668,2.0,40.5
complete,4,GB,English,0,400079434,2014-05-05 22:01:29,43.6667,2,348983,2.0,11.9
complete,4,GB,English,0,400079436,2014-05-05 22:13:38,0.0,1,383885,1.0,0.0
complete,3,FR,Français,0,300040353,2014-05-05 22:30:25,8.2231,1,296789,1.0,9.95
complete,5,AU,English - international,0,500028417,2014-05-06 05:04:14,8.2645,1,383809,2.0,10.0
complete,4,GB,English,0,400079442,2014-05-06 05:33:56,28.3333,1,298868,1.0,34.0
complete,3,FR,Français,0,300040355,2014-05-06 06:15:21,2.0661,1,480225,1.0,2.5
complete,11,NL,Nederlands,0,1100042373,2014-05-06 06:43:48,178.4711,2,100369,1.0,210.0
complete,11,NL,Nederlands,0,1100042373,2014-05-06 06:43:48,178.4711,2,100888,1.0,5.95
complete,5,GB,English - international,0,500028418,2014-05-06 06:52:25,0.0,1,383809,1.0,0.0
complete,12,BE,Belgium/Nederlands,0,1200004051,2014-05-06 07:27:32,24.7521,1,101748,1.0,29.95
complete,11,NL,Nederlands,0,1100042375,2014-05-06 07:28:40,4.1322,1,383809,1.0,5.0
new,3,FR,Français,0,300040360,2014-05-06 08:01:53,34.7107,1,371547,1.0,42.0
complete,13,BE,Belgium/Français,0,1300003781,2014-05-06 08:05:29,60.3306,1,480782,1.0,73.0
complete,11,NL,Nederlands,0,1100042379,2014-05-06 08:15:48,97.1074,1,299247,10.0,117.5
complete,4,GB,English,0,400079453,2014-05-06 08:31:44,1.7917,1,480225,1.0,2.15
new,5,GR,English - international,0,500028419,2014-05-06 08:31:57,40.4959,1,245305,1.0,49.0
new,5,GR,English - international,0,500028421,2014-05-06 08:40:43,40.4959,1,245305,1.0,49.0
complete,4,GB,English,0,400079454,2014-05-06 08:41:37,1.7917,1,480225,1.0,2.15
complete,4,GB,English,0,400079455,2014-05-06 08:49:04,3.5417,1,391460,1.0,4.25
complete,13,BE,Belgium/Français,0,1300003783,2014-05-06 08:54:06,29.1322,3,476181,1.0,11.75
complete,13,BE,Belgium/Français,0,1300003783,2014-05-06 08:54:06,29.1322,3,476204,1.0,11.75
complete,13,BE,Belgium/Français,0,1300003783,2014-05-06 08:54:06,29.1322,3,476242,1.0,11.75
complete,5,GR,English - international,0,500028422,2014-05-06 08:54:44,40.4959,1,245305,1.0,49.0
complete,11,NL,Nederlands,0,1100042386,2014-05-06 08:58:38,55.1653,1,218002,3.0,66.75
complete,3,FR,Français,0,300040364,2014-05-06 09:01:10,42.1488,1,246265,1.0,51.0
complete,4,GB,English,0,400079458,2014-05-06 09:07:49,0.0,1,383809,1.0,0.0
complete,3,FR,Français,0,300040365,2014-05-06 09:17:57,69.4215,1,371547,2.0,84.0
complete,3,FR,Français,0,300040366,2014-05-06 09:33:00,488.4298,1,378683,3.0,591.0
canceled,5,PT,English - international,0,900002307,2014-05-06 09:34:26,30.9917,1,245343,1.0,37.5
complete,4,GB,English,0,400079466,2014-05-06 09:44:22,255.0,4,310867,1.0,84.0
complete,4,GB,English,0,400079466,2014-05-06 09:44:22,255.0,4,612084,1.0,84.0
complete,4,GB,English,0,400079466,2014-05-06 09:44:22,255.0,4,395666,1.0,99.0
complete,4,GB,English,0,400079466,2014-05-06 09:44:22,255.0,4,395826,1.0,39.0
complete,13,BE,Belgium/Français,0,1300003784,2014-05-06 09:50:59,245.0413,2,428401,2.0,252.0
complete,13,BE,Belgium/Français,0,1300003784,2014-05-06 09:50:59,245.0413,2,361883,1.0,44.5
canceled,5,PT,English - international,0,900002308,2014-05-06 09:56:35,371.9008,1,245343,12.0,450.0
complete,3,FR,Français,0,300040369,2014-05-06 09:59:53,0.0,1,371905,1.0,0.0
complete,5,GB,English - international,0,500028426,2014-05-06 10:06:25,0.0,1,346583,1.0,0.0
complete,11,NL,Nederlands,0,1100042394,2014-05-06 10:20:28,0.0,1,371882,1.0,0.0
complete,3,FR,Français,0,300040371,2014-05-06 10:27:54,53.719,2,100840,1.0,32.5
complete,3,FR,Français,0,300040371,2014-05-06 10:27:54,53.719,2,101120,1.0,32.5
complete,5,GB,English - international,0,500028427,2014-05-06 10:31:05,0.0,1,423468,1.0,0.0
complete,4,GB,English,0,400079474,2014-05-06 10:32:17,0.0,1,383885,1.0,0.0
complete,4,GB,English,0,400079475,2014-05-06 10:34:12,0.0,1,423468,1.0,0.0
complete,11,NL,Nederlands,0,1100042397,2014-05-06 10:36:57,0.0,1,346583,1.0,0.0
complete,4,GB,English,0,400079481,2014-05-06 11:06:51,0.0,1,383809,1.0,0.0
complete,3,FR,Français,0,300040375,2014-05-06 11:15:39,42.1488,1,246265,1.0,51.0
complete,3,FR,Français,0,300040376,2014-05-06 11:16:16,2.0661,1,480225,1.0,2.5
complete,3,FR,Français,0,300040377,2014-05-06 11:24:11,34.7107,1,371547,1.0,42.0
complete,3,FR,Français,0,300040378,2014-05-06 11:27:46,30.9917,1,101106,1.0,37.5
complete,11,NL,Nederlands,0,1100042401,2014-05-06 11:46:49,0.0,1,346583,1.0,0.0
complete,11,NL,Nederlands,0,1100042402,2014-05-06 11:52:12,8.6777,1,375705,1.0,10.5
complete,4,GB,English,0,400079487,2014-05-06 11:57:25,28.3333,1,394744,1.0,34.0
complete,11,NL,Nederlands,0,1100042404,2014-05-06 11:57:43,0.0,1,480225,1.0,0.0
complete,11,NL,Nederlands,0,1100042405,2014-05-06 12:03:58,4.1322,1,383809,1.0,5.0
complete,12,BE,Belgium/Nederlands,0,1200004065,2014-05-06 12:08:04,60.124,2,478666,1.0,66.0
complete,12,BE,Belgium/Nederlands,0,1200004065,2014-05-06 12:08:04,60.124,2,375644,1.0,6.75
complete,12,BE,Belgium/Nederlands,0,1200004066,2014-05-06 12:09:06,24.7521,1,101748,1.0,29.95
complete,3,FR,Français,0,300040380,2014-05-06 12:28:24,46.4876,2,375668,3.0,24.75
complete,3,FR,Français,0,300040380,2014-05-06 12:28:24,46.4876,2,375705,3.0,31.5
complete,4,GB,English,0,400079493,2014-05-06 12:28:35,0.0,1,371905,1.0,0.0
canceled,4,GB,English,0,400079494,2014-05-06 12:33:16,0.0,1,394768,1.0,0.0
complete,3,FR,Français,0,300040382,2014-05-06 12:38:21,48.9669,2,299186,1.0,51.0
complete,3,FR,Français,0,300040382,2014-05-06 12:38:21,48.9669,2,375668,1.0,8.25
complete,4,GB,English,0,400079495,2014-05-06 12:40:26,0.0,1,382765,1.0,0.0
canceled,11,NL,Nederlands,0,1100042410,2014-05-06 12:41:11,8.2645,1,383809,2.0,10.0
complete,12,BE,Belgium/Nederlands,0,1200004071,2014-05-06 12:43:32,24.7521,1,101748,1.0,29.95
new,4,GB,English,0,400079496,2014-05-06 12:46:41,13.9583,1,109348,1.0,16.75
complete,12,BE,Belgium/Nederlands,0,1200004072,2014-05-06 12:47:04,24.7521,1,101748,1.0,29.95
complete,5,ES,English - international,0,900002309,2014-05-06 12:47:04,28.9256,1,124662,2.0,35.0
complete,4,GB,English,0,400079497,2014-05-06 12:49:22,3.5417,1,383809,1.0,4.25
complete,11,NL,Nederlands,0,1100042413,2014-05-06 12:49:25,0.0,1,383885,1.0,0.0
complete,4,GB,English,0,400079498,2014-05-06 12:55:01,55.4167,2,478321,1.0,54.0
complete,4,GB,English,0,400079498,2014-05-06 12:55:01,55.4167,2,362002,2.0,12.5
complete,13,BE,Belgium/Français,0,1300003788,2014-05-06 12:57:58,0.0,1,383885,1.0,0.0
canceled,5,CH,English - international,0,700000410,2014-05-06 13:01:51,24.7934,1,381324,2.0,30.0
complete,3,FR,Français,0,300040383,2014-05-06 13:02:15,40.9091,1,375668,6.0,49.5
canceled,3,FR,Français,0,300040384,2014-05-06 13:02:50,4.1322,1,383809,1.0,5.0
complete,11,NL,Nederlands,0,1100042414,2014-05-06 13:05:04,4.1322,1,383809,1.0,5.0
complete,5,CH,English - international,0,700000411,2014-05-06 13:07:45,24.7934,1,381324,2.0,30.0
canceled,3,FR,Français,0,300040385,2014-05-06 13:08:11,4.1322,1,383809,1.0,5.0
complete,3,FR,Français,0,300040386,2014-05-06 13:12:23,4.1322,1,383809,1.0,5.0
complete,11,NL,Nederlands,0,1100042416,2014-05-06 13:15:56,0.0,1,383809,1.0,0.0
complete,3,FR,Français,0,300040387,2014-05-06 13:18:59,22.314,1,245343,1.0,27.0
complete,4,GB,English,0,400079504,2014-05-06 13:24:22,14.1667,1,392627,1.0,17.0
complete,11,NL,Nederlands,0,1100042418,2014-05-06 13:27:21,0.0,1,383809,1.0,0.0
complete,3,FR,Français,0,300040388,2014-05-06 13:36:47,114.876,1,475924,1.0,139.0
complete,4,GB,English,0,400079507,2014-05-06 13:39:28,0.0,1,423468,1.0,0.0
complete,3,FR,Français,0,300040389,2014-05-06 13:41:36,0.0,1,346569,1.0,0.0
complete,3,FR,Français,0,300040390,2014-05-06 13:42:13,0.0,1,480225,1.0,0.0
complete,4,GB,English,0,400079508,2014-05-06 13:43:54,6.625,1,375668,1.0,7.95
complete,12,BE,Belgium/Nederlands,0,1200004078,2014-05-06 13:50:59,0.0,1,396762,1.0,0.0
complete,12,BE,Belgium/Nederlands,0,1200004079,2014-05-06 13:52:29,0.0,1,396762,1.0,0.0
complete,4,GB,English,0,400079513,2014-05-06 13:53:56,17.7083,1,395444,1.0,21.25
complete,12,BE,Belgium/Nederlands,0,1200004081,2014-05-06 13:55:07,24.7521,1,101748,1.0,29.95
complete,11,NL,Nederlands,0,1100042421,2014-05-06 13:59:37,4.1322,1,383809,1.0,5.0
complete,4,GB,English,0,400079514,2014-05-06 14:01:32,0.0,1,480225,1.0,0.0
complete,4,GB,English,0,400079515,2014-05-06 14:07:07,0.0,1,480225,1.0,0.0
complete,3,FR,Français,0,300040392,2014-05-06 14:08:27,42.1488,1,246265,1.0,51.0
complete,5,IT,English - international,0,600002753,2014-05-06 14:18:31,0.0,1,346583,1.0,0.0
complete,5,PT,English - international,0,900002310,2014-05-06 14:22:02,2.0661,1,384165,1.0,2.5
complete,5,SE,English - international,0,500028431,2014-05-06 14:39:21,84.2975,1,246784,2.0,102.0
complete,3,FR,Français,0,300040394,2014-05-06 14:46:29,0.0,1,372742,1.0,0.0
complete,8,DE,Deutsch,0,800006080,2014-05-06 14:55:46,37.314,3,385742,1.0,21.75
complete,8,DE,Deutsch,0,800006080,2014-05-06 14:55:46,37.314,3,100888,2.0,11.9
complete,8,DE,Deutsch,0,800006080,2014-05-06 14:55:46,37.314,3,420184,1.0,11.5
complete,13,BE,Belgium/Français,0,1300003792,2014-05-06 15:00:32,24.7521,1,101748,1.0,29.95
complete,4,GB,English,0,400079526,2014-05-06 15:05:12,0.0,1,383809,1.0,0.0
complete,4,GB,English,0,400079527,2014-05-06 15:05:33,0.0,1,423468,1.0,0.0
complete,3,FR,Français,0,300040398,2014-05-06 15:20:22,6.1983,1,146565,1.0,7.5
complete,11,NL,Nederlands,0,1100042425,2014-05-06 15:22:36,4.1322,1,383809,1.0,5.0
complete,4,GB,English,0,400079529,2014-05-06 15:29:29,19.5,1,311727,1.0,23.4
complete,5,US,English - international,0,500028432,2014-05-06 15:37:19,4.1322,1,383809,1.0,5.0
complete,13,BE,Belgium/Français,0,1300003793,2014-05-06 15:37:31,24.7521,1,101748,1.0,29.95
complete,12,BE,Belgium/Nederlands,0,1200004092,2014-05-06 15:40:50,24.7521,1,101748,1.0,29.95
complete,3,FR,Français,0,300040400,2014-05-06 15:46:04,0.0,1,383885,1.0,0.0
complete,4,GB,English,0,400079535,2014-05-06 15:56:10,65.8333,1,375842,1.0,79.0
complete,13,BE,Belgium/Français,0,1300003794,2014-05-06 15:59:13,0.0,1,423468,1.0,0.0
complete,3,FR,Français,0,300040401,2014-05-06 16:00:16,20.6612,1,384189,1.0,25.0
complete,3,FR,Français,0,300040402,2014-05-06 16:01:37,114.876,1,475924,1.0,139.0
complete,4,GB,English,0,400079536,2014-05-06 16:03:55,1.7917,1,480225,1.0,2.15
complete,13,BE,Belgium/Français,0,1300003795,2014-05-06 16:13:46,24.7521,1,101748,1.0,29.95
complete,11,NL,Nederlands,0,1100042427,2014-05-06 16:23:30,0.0,1,383847,1.0,0.0
complete,3,FR,Français,0,300040403,2014-05-06 16:26:18,114.876,1,475924,1.0,139.0
complete,11,NL,Nederlands,0,1100042428,2014-05-06 16:26:38,0.0,1,346583,1.0,0.0
complete,5,PL,English - international,0,500028433,2014-05-06 16:28:44,4.1322,1,418365,1.0,5.0
complete,3,FR,Français,0,300040404,2014-05-06 16:50:32,10.5372,1,311444,1.0,12.75
complete,4,GB,English,0,400079543,2014-05-06 16:55:38,0.0,1,371882,1.0,0.0
complete,4,GB,English,0,400079544,2014-05-06 16:56:13,0.0,1,480225,1.0,0.0
complete,11,NL,Nederlands,0,1100042433,2014-05-06 17:03:21,25.2066,1,317422,2.0,30.5
complete,5,US,English - international,0,500028435,2014-05-06 17:14:11,0.0,1,383809,1.0,0.0
complete,13,BE,Belgium/Français,0,1300003796,2014-05-06 17:16:40,20.6612,1,423468,1.0,25.0
complete,5,US,English - international,0,500028436,2014-05-06 17:16:51,0.0,1,383809,1.0,0.0
complete,11,NL,Nederlands,0,1100042437,2014-05-06 17:24:20,0.0,1,394744,1.0,0.0
complete,11,NL,Nederlands,0,1100042439,2014-05-06 17:46:54,0.0,1,391422,1.0,0.0
complete,4,GB,English,0,400079546,2014-05-06 17:48:28,1.7917,1,480225,1.0,2.15
complete,3,FR,Français,0,300040408,2014-05-06 17:59:24,76.8595,2,371547,1.0,42.0
complete,3,FR,Français,0,300040408,2014-05-06 17:59:24,76.8595,2,246265,1.0,51.0
complete,4,GB,English,0,400079558,2014-05-06 18:19:21,28.3333,1,396847,1.0,34.0
complete,4,GB,English,0,400079559,2014-05-06 18:20:38,0.0,1,346583,1.0,0.0
complete,3,FR,Français,0,300040409,2014-05-06 18:28:11,42.1488,1,246265,1.0,51.0
complete,13,BE,Belgium/Français,0,1300003798,2014-05-06 18:42:46,24.7521,1,101748,1.0,29.95
complete,12,BE,Belgium/Nederlands,0,1200004113,2014-05-06 18:45:14,24.7521,1,101748,1.0,29.95
complete,12,BE,Belgium/Nederlands,0,1200004114,2014-05-06 18:45:20,119.8347,1,100260,1.0,145.0
complete,12,BE,Belgium/Nederlands,0,1200004115,2014-05-06 18:47:09,24.7521,1,101748,1.0,29.95
complete,4,GB,English,0,400079568,2014-05-06 18:48:57,0.0,1,383809,1.0,0.0
complete,3,FR,Français,0,300040410,2014-05-06 18:58:41,4.1322,1,383809,1.0,5.0
complete,11,NL,Nederlands,0,1100042442,2014-05-06 18:59:04,0.0,1,383847,1.0,0.0
new,3,FR,Français,0,300040411,2014-05-06 19:10:14,45.0413,3,331985,2.0,39.5
new,3,FR,Français,0,300040411,2014-05-06 19:10:14,45.0413,3,375705,1.0,10.5
new,3,FR,Français,0,300040411,2014-05-06 19:10:14,45.0413,3,361982,1.0,4.5
complete,3,FR,Français,0,300040412,2014-05-06 19:11:23,4.1322,1,383809,1.0,5.0
complete,4,GB,English,0,400079569,2014-05-06 19:13:32,9.9167,1,297243,1.0,11.9
complete,4,GB,English,0,400079570,2014-05-06 19:15:44,0.0,1,298868,1.0,0.0
complete,13,BE,Belgium/Français,0,1300003800,2014-05-06 19:16:42,60.7438,2,478161,1.0,60.0
complete,13,BE,Belgium/Français,0,1300003800,2014-05-06 19:16:42,60.7438,2,361982,3.0,13.5
complete,11,NL,Nederlands,0,1100042444,2014-05-06 19:20:04,0.0,1,346569,1.0,0.0
complete,4,GB,English,0,400079571,2014-05-06 19:31:56,0.0,1,383885,1.0,0.0
complete,4,GB,English,0,400079572,2014-05-06 19:38:47,0.0,1,480225,1.0,0.0
complete,3,FR,Français,0,300040416,2014-05-06 19:40:38,16.5289,3,383809,2.0,10.0
complete,3,FR,Français,0,300040416,2014-05-06 19:40:38,16.5289,3,480225,2.0,5.0
complete,3,FR,Français,0,300040416,2014-05-06 19:40:38,16.5289,3,702587,2.0,5.0
complete,11,NL,Nederlands,0,1100042447,2014-05-06 19:59:14,0.0,1,383366,1.0,0.0
complete,8,DE,Deutsch,0,800006085,2014-05-06 20:04:20,0.0,1,383809,1.0,0.0
complete,3,FR,Français,0,300040417,2014-05-06 20:06:39,0.0,1,334122,1.0,0.0
complete,11,NL,Nederlands,0,1100042449,2014-05-06 20:06:53,4.1322,1,383809,1.0,5.0
complete,4,GB,English,0,400079590,2014-05-06 20:36:41,0.0,1,383847,1.0,0.0
complete,3,FR,Français,0,300040419,2014-05-06 20:37:55,0.0,1,383885,1.0,0.0
canceled,8,DE,Deutsch,0,800006086,2014-05-06 20:45:47,34.7934,2,463068,1.0,12.25
canceled,8,DE,Deutsch,0,800006086,2014-05-06 20:45:47,34.7934,2,484360,3.0,29.85
canceled,8,DE,Deutsch,0,800006087,2014-05-06 20:49:21,34.7934,2,463068,1.0,12.25
canceled,8,DE,Deutsch,0,800006087,2014-05-06 20:49:21,34.7934,2,484360,3.0,29.85
complete,3,FR,Français,0,300040421,2014-05-06 21:01:11,4.1322,1,391460,1.0,5.0
complete,11,NL,Nederlands,0,1100042453,2014-05-06 21:14:59,8.2645,1,383809,2.0,10.0
complete,5,GR,English - international,0,500028444,2014-05-06 21:17:13,241.7355,5,101465,1.0,51.5
complete,5,GR,English - international,0,500028444,2014-05-06 21:17:13,241.7355,5,196423,1.0,12.0
complete,5,GR,English - international,0,500028444,2014-05-06 21:17:13,241.7355,5,264528,1.0,17.0
complete,5,GR,English - international,0,500028444,2014-05-06 21:17:13,241.7355,5,246265,2.0,110.0
complete,5,GR,English - international,0,500028444,2014-05-06 21:17:13,241.7355,5,246784,2.0,102.0
complete,4,GB,English,0,400079596,2014-05-06 21:26:16,0.0,1,480225,1.0,0.0
complete,4,GB,English,0,400079603,2014-05-06 22:23:12,3.5417,1,383809,1.0,4.25
complete,4,GB,English,0,400079606,2014-05-06 22:36:09,28.3333,1,298868,1.0,34.0
complete,4,GB,English,0,400079607,2014-05-06 22:40:56,28.3333,1,346569,1.0,34.0
complete,4,GB,English,0,400079608,2014-05-06 22:44:50,17.7083,1,371905,1.0,21.25
complete,4,GB,English,0,400079609,2014-05-06 22:48:53,17.7083,1,371905,1.0,21.25
complete,12,BE,Belgium/Nederlands,0,1200004124,2014-05-07 05:22:47,24.7521,1,101748,1.0,29.95
complete,12,BE,Belgium/Nederlands,0,1200004126,2014-05-07 06:17:21,24.7521,1,101748,1.0,29.95
complete,4,GB,English,0,400079616,2014-05-07 06:33:34,146.5833,2,360206,2.0,152.0
complete,4,GB,English,0,400079616,2014-05-07 06:33:34,146.5833,2,382703,2.0,23.9
complete,13,BE,Belgium/Français,0,1300003804,2014-05-07 06:45:13,24.7521,1,101748,1.0,29.95
complete,11,NL,Nederlands,0,1100042459,2014-05-07 06:49:04,2.0661,1,383366,1.0,2.5
complete,8,DE,Deutsch,0,800006090,2014-05-07 06:49:36,1136.3636,1,369360,100.0,1375.0
complete,11,NL,Nederlands,0,1100042463,2014-05-07 07:03:38,0.0,1,480225,1.0,0.0
complete,11,NL,Nederlands,0,1100042466,2014-05-07 07:20:14,4.1322,1,480225,2.0,5.0
new,4,GB,English,0,400079619,2014-05-07 07:22:00,3.5417,1,381669,1.0,4.25
complete,3,FR,Français,0,300040426,2014-05-07 07:34:32,131.1983,2,475924,1.0,139.0
complete,3,FR,Français,0,300040426,2014-05-07 07:34:32,131.1983,2,101885,1.0,19.75
complete,3,FR,Français,0,300040427,2014-05-07 07:45:57,0.0,1,346569,1.0,0.0
complete,3,FR,Français,0,300040428,2014-05-07 07:52:23,4.1322,1,383809,1.0,5.0
complete,11,NL,Nederlands,0,1100042468,2014-05-07 08:01:37,0.0,1,346583,1.0,0.0
complete,3,FR,Français,1,300040431,2014-05-07 08:04:18,33.0579,1,346569,1.0,40.0
complete,5,IE,English - international,0,500028447,2014-05-07 08:09:36,8.2645,1,418365,2.0,10.0
complete,5,CH,English - international,0,700000413,2014-05-07 08:19:49,14.876,1,382727,1.0,18.0
complete,13,BE,Belgium/Français,0,1300003806,2014-05-07 08:22:11,18.3884,1,463648,1.0,22.25
complete,4,GB,English,0,400079626,2014-05-07 08:23:02,3.5417,1,383809,1.0,4.25
complete,3,FR,Français,0,300040432,2014-05-07 08:27:20,99.3802,2,479267,1.0,112.0
complete,3,FR,Français,0,300040432,2014-05-07 08:27:20,99.3802,2,375668,1.0,8.25
complete,11,NL,Nederlands,0,1100042477,2014-05-07 08:27:33,0.0,1,298868,1.0,0.0
complete,11,NL,Nederlands,0,1100042478,2014-05-07 08:33:35,33.0579,1,346583,1.0,40.0
complete,11,NL,Nederlands,0,1100042480,2014-05-07 08:41:49,0.0,1,383809,1.0,0.0
complete,4,GB,English,0,400079627,2014-05-07 08:43:08,0.0,1,334122,1.0,0.0
complete,4,GB,English,0,400079628,2014-05-07 08:46:57,1.7917,1,383366,1.0,2.15
complete,11,NL,Nederlands,0,1100042482,2014-05-07 08:51:55,8.2645,1,364860,1.0,10.0
complete,4,GB,English,0,400079629,2014-05-07 08:54:32,0.0,1,480225,1.0,0.0
complete,8,DE,Deutsch,0,800006093,2014-05-07 09:00:48,65.9504,1,181122,4.0,79.8
complete,11,NL,Nederlands,0,1100042484,2014-05-07 09:02:58,0.0,1,346569,1.0,0.0
complete,3,FR,Français,0,300040434,2014-05-07 09:04:55,42.1488,1,246265,1.0,51.0
complete,4,GB,English,0,400079632,2014-05-07 09:05:32,0.0,1,334122,1.0,0.0
complete,4,GB,English,0,400079633,2014-05-07 09:09:52,23.3333,1,100840,1.0,28.0
complete,3,FR,Français,0,300040435,2014-05-07 09:15:40,33.0579,1,298868,1.0,40.0
complete,4,GB,English,0,400079635,2014-05-07 09:31:16,3.5417,1,381669,1.0,4.25
complete,13,BE,Belgium/Français,0,1300003807,2014-05-07 09:32:57,180.9917,1,424649,1.0,219.0
complete,11,NL,Nederlands,0,1100042485,2014-05-07 09:44:12,0.0,1,383809,1.0,0.0
complete,5,ES,English - international,0,900002312,2014-05-07 10:01:48,33.0579,1,346583,1.0,40.0
complete,3,FR,Français,0,300040437,2014-05-07 10:16:06,8.2645,1,383809,2.0,10.0
complete,8,DE,Deutsch,0,800006094,2014-05-07 10:24:58,26.8595,2,101526,1.0,19.75
complete,8,DE,Deutsch,0,800006094,2014-05-07 10:24:58,26.8595,2,100765,1.0,12.75
complete,4,GB,English,0,400079639,2014-05-07 10:27:19,0.0,1,371882,1.0,0.0
complete,4,GB,English,0,400079641,2014-05-07 10:30:46,0.0,1,383809,1.0,0.0
complete,11,NL,Nederlands,0,1100042492,2014-05-07 10:41:59,0.0,1,480225,1.0,0.0
complete,3,FR,Français,0,300040439,2014-05-07 10:52:08,34.7107,1,245305,1.0,42.0
complete,11,NL,Nederlands,0,1100042493,2014-05-07 10:53:49,0.0,1,384189,1.0,0.0
complete,12,BE,Belgium/Nederlands,0,1200004132,2014-05-07 11:07:03,162.8099,1,390845,1.0,197.0
complete,4,GB,English,0,400079646,2014-05-07 11:25:23,0.0,2,480225,1.0,0.0
complete,4,GB,English,0,400079646,2014-05-07 11:25:23,0.0,2,394744,1.0,0.0
complete,3,FR,Français,0,300040440,2014-05-07 11:26:15,33.0579,1,346583,1.0,40.0
complete,13,BE,Belgium/Français,0,1300003808,2014-05-07 11:52:57,0.0,1,383809,1.0,0.0
complete,4,GB,English,0,400079648,2014-05-07 11:59:57,0.0,1,298868,1.0,0.0
complete,3,FR,Français,0,300040442,2014-05-07 12:01:28,6.1983,2,480225,1.0,2.5
complete,3,FR,Français,0,300040442,2014-05-07 12:01:28,6.1983,2,383809,1.0,5.0
complete,3,FR,Français,0,300040443,2014-05-07 12:13:10,43.3884,1,375705,5.0,52.5
complete,11,NL,Nederlands,0,1100042498,2014-05-07 12:13:40,294.2149,1,287527,4.0,356.0
complete,4,GB,English,0,400079656,2014-05-07 12:42:11,9.9583,3,391460,1.0,4.25
complete,4,GB,English,0,400079656,2014-05-07 12:42:11,9.9583,3,482045,1.0,4.25
complete,4,GB,English,0,400079656,2014-05-07 12:42:11,9.9583,3,482083,1.0,3.45
complete,3,FR,Français,0,300040446,2014-05-07 12:51:04,0.0,1,334122,1.0,0.0
complete,5,JE,English - international,0,500028451,2014-05-07 12:56:35,0.0,1,372742,1.0,0.0
complete,3,FR,Français,0,300040447,2014-05-07 13:05:56,13.6364,1,375668,2.0,16.5
canceled,13,BE,Belgium/Français,1,1300003811,2014-05-07 13:07:49,114.876,1,475924,1.0,139.0
complete,11,NL,Nederlands,0,1100042511,2014-05-07 13:12:25,0.0,1,391323,1.0,0.0
complete,13,BE,Belgium/Français,0,1300003812,2014-05-07 13:13:42,62.1901,2,424885,1.0,25.5
complete,13,BE,Belgium/Français,0,1300003812,2014-05-07 13:13:42,62.1901,2,480966,1.0,49.75
complete,13,BE,Belgium/Français,1,1300003813,2014-05-07 13:14:25,114.876,1,475924,1.0,139.0
complete,13,BE,Belgium/Français,0,1300003814,2014-05-07 13:17:25,34.7107,1,246784,1.0,42.0
complete,11,NL,Nederlands,0,1100042512,2014-05-07 13:47:04,6.1983,1,325427,1.0,7.5
complete,11,NL,Nederlands,0,1100042513,2014-05-07 13:50:33,0.0,1,346583,1.0,0.0
complete,3,FR,Français,0,300040451,2014-05-07 13:55:24,4.1322,1,391385,1.0,5.0
complete,11,NL,Nederlands,0,1100042514,2014-05-07 13:56:21,0.0,1,480225,1.0,0.0
complete,4,GB,English,0,400079660,2014-05-07 13:56:52,0.0,1,480225,1.0,0.0
complete,3,FR,Français,0,300040452,2014-05-07 14:05:26,90.9091,1,101281,1.0,110.0
complete,4,GB,English,0,400079661,2014-05-07 14:09:38,0.0,1,371905,1.0,0.0
complete,3,FR,Français,0,300040453,2014-05-07 14:15:43,8.2645,1,383809,2.0,10.0
