Date Time,Solar Avg,Predictions
2022-11-24 19:00:00,0.07330827067669173,31.715183
2022-11-24 20:00:00,0.03825136612021858,-0.8660553
2022-11-24 21:00:00,0.03949730700179533,7.5809813
2022-11-24 22:00:00,0.03114754098360656,11.083255
2022-11-24 23:00:00,0.05423728813559322,6.805667
2022-11-25 00:00:00,0.047540983606557376,5.1115904
2022-11-25 01:00:00,0.05423728813559322,3.1177857
2022-11-25 02:00:00,0.03442622950819672,5.6602507
2022-11-25 03:00:00,0.05752961082910321,5.3797636
2022-11-25 04:00:00,0.036065573770491806,9.738345
2022-11-25 05:00:00,0.04406779661016949,12.281344
2022-11-25 06:00:00,3.6622950819672133,22.403461
2022-11-25 07:00:00,78.55932203389831,70.11473
2022-11-25 08:00:00,178.15245901639344,244.99501
2022-11-25 09:00:00,277.6864406779661,351.20587
2022-11-25 10:00:00,201.28688524590163,433.4639
2022-11-25 11:00:00,116.15254237288136,316.38235
2022-11-25 12:00:00,187.4688524590164,222.3364
2022-11-25 13:00:00,253.50338983050847,314.91086
2022-11-25 14:00:00,373.91147540983604,287.90213
2022-11-25 15:00:00,353.54237288135596,319.45096
2022-11-25 16:00:00,152.58360655737704,272.52072
2022-11-25 17:00:00,107.83220338983051,105.47993
2022-11-25 18:00:00,20.46065573770492,100.27133
2022-11-25 19:00:00,0.07457627118644068,5.573764
2022-11-25 20:00:00,0.04590163934426229,-4.629987
2022-11-25 21:00:00,0.1,11.087527
2022-11-25 22:00:00,0.041736227045075125,8.327807
2022-11-25 23:00:00,0.05254237288135593,-1.9853791
2022-11-26 00:00:00,0.05901639344262295,-0.2533997
2022-11-26 01:00:00,0.0423728813559322,19.971195
2022-11-26 02:00:00,0.047540983606557376,19.619541
2022-11-26 03:00:00,0.05423728813559322,6.746661
2022-11-26 04:00:00,0.07049180327868852,13.604617
2022-11-26 05:00:00,0.06779661016949153,17.662296
2022-11-26 06:00:00,9.429508196721311,39.062977
2022-11-26 07:00:00,106.49661016949153,99.52156
2022-11-26 08:00:00,351.327868852459,287.6004
2022-11-26 09:00:00,382.0966101694915,525.0674
2022-11-26 10:00:00,356.51147540983607,499.22476
2022-11-26 11:00:00,124.30847457627118,492.86096
2022-11-26 12:00:00,146.2655737704918,231.48561
2022-11-26 13:00:00,189.0271186440678,255.70203
2022-11-26 14:00:00,184.51967213114753,221.10193
2022-11-26 15:00:00,119.06440677966101,142.32726
2022-11-26 16:00:00,79.76229508196721,61.784977
2022-11-26 17:00:00,34.215254237288136,57.733387
2022-11-26 18:00:00,10.149180327868853,12.835666
2022-11-26 19:00:00,0.05254237288135593,14.981128
2022-11-26 20:00:00,0.04590163934426229,-4.785062
2022-11-26 21:00:00,0.061016949152542375,10.221683
2022-11-26 22:00:00,0.059602649006622516,8.847293
2022-11-26 23:00:00,0.04513888888888889,-2.2627227
2022-11-27 00:00:00,0.06700167504187604,14.534915
2022-11-27 01:00:00,0.04576271186440678,17.907215
2022-11-27 02:00:00,0.054098360655737705,10.553775
2022-11-27 03:00:00,0.04745762711864407,15.484942
2022-11-27 04:00:00,0.05081967213114754,25.219486
2022-11-27 05:00:00,0.07796610169491526,45.96123
2022-11-27 06:00:00,2.0114942528735633,71.89006
2022-11-27 07:00:00,59.07457627118644,89.27231
2022-11-27 08:00:00,105.18688524590164,209.39774
2022-11-27 09:00:00,264.77966101694915,261.60022
2022-11-27 10:00:00,374.15901639344264,442.9837
2022-11-27 11:00:00,239.59322033898306,502.44836
2022-11-27 12:00:00,108.76393442622951,356.8588
2022-11-27 13:00:00,293.47457627118644,208.02213
2022-11-27 14:00:00,425.2081967213115,412.06448
2022-11-27 15:00:00,534.5559322033898,351.12515
2022-11-27 16:00:00,301.11475409836066,390.1005
2022-11-27 17:00:00,110.42542372881356,199.26851
2022-11-27 18:00:00,18.501639344262294,41.24686
2022-11-27 19:00:00,0.0576271186440678,-10.61427
2022-11-27 20:00:00,0.08881578947368421,-9.504544
2022-11-27 21:00:00,0.04861111111111111,-3.7835052
2022-11-27 22:00:00,0.06621392190152801,28.198765
2022-11-27 23:00:00,0.08050089445438283,14.6100645
2022-11-28 00:00:00,0.06756756756756757,-4.512494
2022-11-28 01:00:00,0.06949152542372881,31.949558
2022-11-28 02:00:00,0.07704918032786885,28.311146
2022-11-28 03:00:00,0.07796610169491526,10.137851
2022-11-28 04:00:00,0.06229508196721312,10.073749
2022-11-28 05:00:00,0.05423728813559322,13.107348
2022-11-28 06:00:00,5.965573770491804,38.66657
2022-11-28 07:00:00,117.53820033955857,93.3328
2022-11-28 08:00:00,287.5770491803279,305.25922
2022-11-28 09:00:00,471.6779661016949,463.63696
2022-11-28 10:00:00,853.5573770491803,589.00867
2022-11-28 11:00:00,684.0050847457627,859.03534
2022-11-28 12:00:00,446.35901639344263,714.82947
2022-11-28 13:00:00,444.97457627118644,560.5647
2022-11-28 14:00:00,714.9049180327869,498.68253
2022-11-28 15:00:00,396.0728813559322,552.99945
2022-11-28 16:00:00,174.10655737704917,237.42447
2022-11-28 17:00:00,194.88305084745764,53.956654
2022-11-28 18:00:00,26.909390444810544,65.76906
2022-11-28 19:00:00,0.043478260869565216,-3.7551086
2022-11-28 20:00:00,0.051194539249146756,2.511493
2022-11-28 21:00:00,0.062388591800356503,4.2220335
2022-11-28 22:00:00,0.0378657487091222,-2.8924224
2022-11-28 23:00:00,0.06618962432915922,-1.0387696
2022-11-29 00:00:00,0.0773109243697479,2.548694
2022-11-29 01:00:00,0.05593220338983051,1.287387
2022-11-29 02:00:00,0.03934426229508197,8.094256
2022-11-29 03:00:00,0.07130730050933787,6.3737516
2022-11-29 04:00:00,0.04590163934426229,14.004458
2022-11-29 05:00:00,0.03735144312393888,12.513019
2022-11-29 06:00:00,10.578688524590165,24.326725
2022-11-29 07:00:00,160.17317487266553,98.72247
2022-11-29 08:00:00,378.9639344262295,358.55008
2022-11-29 09:00:00,574.2677966101695,535.1716
2022-11-29 10:00:00,781.3147540983607,657.59326
2022-11-29 11:00:00,912.1779661016949,787.7494
2022-11-29 12:00:00,952.7803278688525,859.5784
2022-11-29 13:00:00,908.1392190152801,861.92487
2022-11-29 14:00:00,819.6327868852459,772.8325
2022-11-29 15:00:00,638.0322033898306,601.27527
2022-11-29 16:00:00,438.4590163934426,439.50165
2022-11-29 17:00:00,221.24528301886792,227.25238
2022-11-29 18:00:00,37.29510961214165,68.481995
2022-11-29 19:00:00,0.04601769911504425,9.422473
2022-11-29 20:00:00,0.038394415357766144,0.16289058
2022-11-29 21:00:00,0.08064516129032258,10.108005
2022-11-29 22:00:00,0.03281519861830743,8.762073
2022-11-29 23:00:00,0.048561151079136694,13.47211
2022-11-30 00:00:00,0.06281833616298811,15.862887
2022-11-30 01:00:00,0.06802721088435375,9.823428
2022-11-30 02:00:00,0.05289256198347107,15.452426
2022-11-30 03:00:00,0.055077452667814115,7.532321
2022-11-30 04:00:00,0.057432432432432436,11.682269
2022-11-30 05:00:00,0.04056437389770723,13.511859
2022-11-30 06:00:00,4.873720136518771,20.896915
2022-11-30 07:00:00,124.278276481149,82.26654
2022-11-30 08:00:00,332.1533101045296,315.01398
2022-11-30 09:00:00,551.1057347670251,502.4288
2022-11-30 10:00:00,665.5569176882663,646.95
2022-11-30 11:00:00,889.2666666666667,711.6769
2022-11-30 12:00:00,976.6864111498257,845.37317
2022-11-30 13:00:00,942.3333333333334,879.58276
2022-11-30 14:00:00,835.0156794425087,802.9606
2022-11-30 15:00:00,699.9063063063063,624.503
2022-11-30 16:00:00,496.0695652173913,474.87662
2022-11-30 17:00:00,251.38868613138686,294.18872
2022-11-30 18:00:00,29.64798598949212,83.80197
2022-11-30 19:00:00,0.06170598911070781,6.9259367
2022-11-30 20:00:00,0.05272407732864675,2.0451844
2022-11-30 21:00:00,0.031078610603290677,11.551684
2022-11-30 22:00:00,0.05309734513274336,7.776904
2022-11-30 23:00:00,0.043795620437956206,8.385348
2022-12-01 00:00:00,0.046762589928057555,15.991168
2022-12-03 00:00:00,0.0,7.592456
2022-12-03 01:00:00,0.0,19.166904
2022-12-03 02:00:00,0.0,10.988711
2022-12-03 03:00:00,0.0,11.14133
2022-12-03 04:00:00,0.0,13.056796
2022-12-03 05:00:00,0.0,18.964085
2022-12-03 06:00:00,0.2459016393442623,75.65108
2022-12-03 07:00:00,3.6440677966101696,90.61513
2022-12-03 08:00:00,12.950819672131148,97.49114
2022-12-03 09:00:00,61.271186440677965,114.744415
2022-12-03 10:00:00,177.81967213114754,207.29883
2022-12-03 11:00:00,382.23728813559325,357.4152
2022-12-03 12:00:00,144.9016393442623,528.2097
2022-12-03 13:00:00,366.1525423728813,217.31433
2022-12-03 14:00:00,829.6065573770492,533.2261
2022-12-03 15:00:00,558.4406779661017,802.82214
2022-12-03 16:00:00,316.655737704918,471.9386
2022-12-03 17:00:00,225.79661016949152,332.26694
2022-12-03 18:00:00,34.950819672131146,230.40677
2022-12-03 19:00:00,0.3389830508474576,-43.868084
2022-12-03 20:00:00,0.0,-12.983808
2022-12-03 21:00:00,0.0,17.627247
2022-12-03 22:00:00,0.0,-3.21333
2022-12-03 23:00:00,0.0,-6.618222
2022-12-04 00:00:00,0.0,-20.619991
2022-12-04 01:00:00,0.0,36.23972
2022-12-04 02:00:00,0.0,3.9947846
2022-12-04 03:00:00,0.0,6.1814756
2022-12-04 04:00:00,0.0,13.470172
2022-12-04 05:00:00,0.0,9.943133
2022-12-04 06:00:00,2.0,20.828526
2022-12-04 07:00:00,70.4,77.40047
2022-12-04 08:00:00,250.85714285714286,231.51395
2022-12-04 09:00:00,605.6,444.79993
2022-12-04 10:00:00,557.0,707.6507
2022-12-04 11:00:00,656.6,631.9245
2022-12-04 12:00:00,632.2456140350877,724.0428
2022-12-04 13:00:00,1014.8,652.62317
2022-12-04 14:00:00,813.5714285714286,860.6878
2022-12-04 15:00:00,737.6,612.9717
2022-12-04 16:00:00,393.14285714285717,435.80902
2022-12-04 17:00:00,350.8,212.22188
2022-12-04 18:00:00,125.42857142857143,120.92393
2022-12-04 19:00:00,1.2,13.301669
2022-12-04 20:00:00,0.0,-0.24978337
2022-12-04 21:00:00,0.0,7.843402
2022-12-04 22:00:00,0.0,-0.6944702
2022-12-04 23:00:00,0.0,7.204974
2022-12-05 00:00:00,0.0,-3.228482
2022-12-05 01:00:00,0.0,11.3878355
2022-12-05 02:00:00,0.0,10.345935
2022-12-05 03:00:00,0.0,9.77489
2022-12-05 04:00:00,0.0,14.742175
2022-12-05 05:00:00,0.0,6.971362
2022-12-05 06:00:00,2.142857142857143,14.685748
2022-12-05 07:00:00,43.4,42.236164
2022-12-05 08:00:00,131.42857142857142,177.59251
2022-12-05 09:00:00,308.6,307.49493
2022-12-05 10:00:00,642.4285714285714,476.55612
2022-12-05 11:00:00,802.8,721.75854
2022-12-05 12:00:00,865.0,788.1181
2022-12-05 13:00:00,846.6,836.7464
2022-12-05 14:00:00,629.0,776.3524
2022-12-05 15:00:00,333.8,564.8974
2022-12-05 16:00:00,309.14285714285717,279.50955
2022-12-05 17:00:00,122.0,217.7009
2022-12-05 18:00:00,29.714285714285715,43.040806
2022-12-05 19:00:00,0.2,-8.227811
2022-12-05 20:00:00,0.0,3.7617676
2022-12-05 21:00:00,0.0,26.874973
2022-12-05 22:00:00,0.0,3.2883027
2022-12-05 23:00:00,0.0,10.007571
2022-12-06 00:00:00,0.0,10.615741
2022-12-06 01:00:00,0.0,9.805453
2022-12-06 02:00:00,0.0,7.361865
2022-12-06 03:00:00,0.0,15.877566
2022-12-06 04:00:00,0.0,7.4598265
2022-12-06 05:00:00,0.0,13.011767
2022-12-06 06:00:00,6.180327868852459,32.483738
2022-12-06 07:00:00,97.57627118644068,88.39674
2022-12-06 08:00:00,344.57377049180326,275.40927
2022-12-06 09:00:00,526.3389830508474,521.94696
2022-12-06 10:00:00,344.42622950819674,622.49286
2022-12-06 11:00:00,820.2372881355932,475.12988
2022-12-06 12:00:00,821.7049180327868,843.8338
2022-12-06 13:00:00,878.7627118644068,733.2833
2022-12-06 14:00:00,774.8360655737705,721.2808
2022-12-06 15:00:00,632.3050847457627,570.0886
2022-12-06 16:00:00,447.1475409836066,382.89975
2022-12-06 17:00:00,259.4406779661017,289.07068
2022-12-06 18:00:00,82.40983606557377,84.14902
2022-12-06 19:00:00,2.2542372881355934,24.615238
2022-12-06 20:00:00,0.0,-1.1261109
2022-12-06 21:00:00,0.0,-0.13425907
2022-12-06 22:00:00,0.0,7.0727873
2022-12-06 23:00:00,0.0,-0.8462036
2022-12-07 00:00:00,0.0,10.996783
2022-12-07 01:00:00,0.0,9.375339
2022-12-07 02:00:00,0.08041504539559015,12.931415
2022-12-07 03:00:00,0.057692307692307696,7.4434385
2022-12-07 04:00:00,0.02127659574468085,12.201571
2022-12-07 05:00:00,0.06377204884667571,12.145358
2022-12-07 06:00:00,1.9028871391076116,13.136325
2022-12-07 07:00:00,65.0610263522885,57.342518
2022-12-07 08:00:00,209.72619047619048,220.17336
2022-12-07 09:00:00,346.0315934065934,397.1443
2022-12-07 10:00:00,579.3715046604527,490.37463
2022-12-07 11:00:00,767.7385892116182,667.15955
2022-12-07 12:00:00,847.3989290495315,751.5484
2022-12-07 13:00:00,865.2063711911358,785.723
2022-12-07 14:00:00,669.491204330176,763.69775
2022-12-07 15:00:00,663.0211565585331,551.8137
2022-12-07 16:00:00,449.7050754458162,487.18253
2022-12-07 17:00:00,229.52832861189802,280.4988
2022-12-07 18:00:00,45.42994505494506,86.560715
2022-12-07 19:00:00,0.5710227272727273,16.49973
2022-12-07 20:00:00,0.07818930041152264,-1.5029877
2022-12-07 21:00:00,0.041193181818181816,4.7247343
2022-12-07 22:00:00,0.041379310344827586,12.686313
2022-12-07 23:00:00,0.03581661891117478,9.932696
2022-12-08 00:00:00,0.07909604519774012,7.891467
2022-12-09 00:00:00,0.05390835579514825,5.1151457
2022-12-09 01:00:00,0.07296137339055794,14.872561
2022-12-09 02:00:00,0.05218617771509168,5.917819
2022-12-09 03:00:00,0.0597667638483965,12.0128355
2022-12-09 04:00:00,0.055793991416309016,13.04317
2022-12-09 05:00:00,0.06725146198830409,19.190998
2022-12-09 06:00:00,2.7707736389684814,68.87021
2022-12-09 07:00:00,161.89020771513353,95.46969
2022-12-09 08:00:00,398.50143266475646,364.30142
2022-12-09 09:00:00,585.8592814371258,553.35803
2022-12-09 10:00:00,775.8022440392707,663.45026
2022-12-09 11:00:00,907.1571218795889,790.6779
2022-12-09 12:00:00,978.927536231884,855.76215
2022-12-09 13:00:00,956.8682634730538,884.10736
2022-12-09 14:00:00,822.4150943396227,814.05365
2022-12-09 15:00:00,666.7007518796993,596.7826
2022-12-09 16:00:00,479.4723837209302,460.93207
2022-12-09 17:00:00,171.9375,254.55728
2022-12-09 18:00:00,30.65158371040724,46.89809
2022-12-09 19:00:00,0.06220839813374806,5.0514097
2022-12-09 20:00:00,0.048265460030165915,7.4200163
2022-12-09 21:00:00,0.05443234836702955,7.5590696
2022-12-09 22:00:00,0.03303303303303303,4.9506254
2022-12-09 23:00:00,0.03875968992248062,15.779834
2022-12-10 00:00:00,0.06109324758842444,14.9789915
2022-12-10 01:00:00,0.06618962432915922,8.639361
2022-12-10 02:00:00,0.07785467128027682,19.248447
2022-12-10 03:00:00,0.039285714285714285,10.655322
2022-12-10 04:00:00,0.025996533795493933,10.280398
2022-12-10 05:00:00,0.039568345323741004,12.766543
2022-12-10 06:00:00,6.761989342806395,25.65398
2022-12-10 07:00:00,132.48434622467772,89.12944
2022-12-10 08:00:00,385.7073608617594,325.08206
2022-12-10 09:00:00,512.624060150376,548.65985
2022-12-10 10:00:00,484.5638686131387,603.71405
2022-12-10 11:00:00,607.6004273504274,608.0992
2022-12-10 12:00:00,693.2356687898089,670.1178
2022-12-10 13:00:00,612.9591397849463,633.06824
2022-12-10 14:00:00,246.07051282051282,502.37332
2022-12-10 15:00:00,453.09977324263036,225.9499
2022-12-10 16:00:00,322.88069414316703,305.94855
2022-12-10 17:00:00,91.42919389978213,131.0809
2022-12-10 18:00:00,13.294845360824743,16.86066
2022-12-10 19:00:00,0.07462686567164178,-2.309262
2022-12-10 20:00:00,0.0594059405940594,13.446078
2022-12-10 21:00:00,0.049281314168377825,1.590396
2022-12-10 22:00:00,0.076,5.368808
2022-12-10 23:00:00,0.051759834368530024,8.119479
2022-12-11 00:00:00,0.04567699836867863,12.581363
2022-12-11 01:00:00,0.07296137339055794,-9.257291
2022-12-11 02:00:00,0.05218617771509168,12.560809
2022-12-11 03:00:00,0.0597667638483965,13.712466
2022-12-11 04:00:00,0.055793991416309016,14.497485
2022-12-11 05:00:00,0.06725146198830409,13.645297
2022-12-11 06:00:00,2.7707736389684814,47.297367
2022-12-11 07:00:00,161.89020771513353,89.29335
2022-12-11 08:00:00,398.50143266475646,364.2963
2022-12-11 09:00:00,585.8592814371258,553.34296
2022-12-11 10:00:00,775.8022440392707,663.4442
2022-12-11 11:00:00,907.1571218795889,790.6703
2022-12-11 12:00:00,978.927536231884,855.77344
2022-12-11 13:00:00,956.8682634730538,884.10974
2022-12-11 14:00:00,822.4150943396227,814.05365
2022-12-11 15:00:00,666.7007518796993,596.7826
2022-12-11 16:00:00,479.4723837209302,460.93207
2022-12-11 17:00:00,171.9375,254.55728
2022-12-11 18:00:00,30.65158371040724,46.89809
2022-12-11 19:00:00,0.06220839813374806,5.0514097
2022-12-11 20:00:00,0.048265460030165915,7.4200163
2022-12-11 21:00:00,0.05443234836702955,7.5590696
2022-12-11 22:00:00,0.03303303303303303,4.9506254
2022-12-11 23:00:00,0.03875968992248062,15.779834
2022-12-12 00:00:00,0.06109324758842444,14.9789915
2022-12-12 01:00:00,0.06618962432915922,8.639361
2022-12-12 02:00:00,0.07785467128027682,19.248447
2022-12-12 03:00:00,0.039285714285714285,10.655322
2022-12-12 04:00:00,0.025996533795493933,10.280398
2022-12-12 05:00:00,0.039568345323741004,12.766543
2022-12-12 06:00:00,6.761989342806395,25.65398
2022-12-12 07:00:00,132.48434622467772,89.12941
2022-12-12 08:00:00,385.7073608617594,325.08203
2022-12-12 09:00:00,512.624060150376,548.65985
2022-12-12 10:00:00,484.5638686131387,603.71405
2022-12-12 11:00:00,607.6004273504274,608.0992
2022-12-12 12:00:00,693.2356687898089,670.1178
2022-12-12 13:00:00,612.9591397849463,633.06824
2022-12-12 14:00:00,246.07051282051282,502.37332
2022-12-12 15:00:00,453.09977324263036,225.9499
2022-12-12 16:00:00,322.88069414316703,305.94855
2022-12-12 17:00:00,91.42919389978213,131.0809
2022-12-12 18:00:00,13.294845360824743,16.86066
2022-12-12 19:00:00,0.07462686567164178,-2.309262
2022-12-12 20:00:00,0.0594059405940594,13.446078
2022-12-12 21:00:00,0.049281314168377825,1.590396
2022-12-12 22:00:00,0.076,5.368808
2022-12-12 23:00:00,0.051759834368530024,8.11951
2022-12-13 00:00:00,0.0471311475409836,12.581363
2022-12-13 01:00:00,0.03680981595092025,-9.256253
2022-12-13 02:00:00,0.060784313725490195,12.530002
2022-12-13 03:00:00,0.05567010309278351,13.727725
2022-12-13 04:00:00,0.05742574257425743,14.492755
2022-12-13 05:00:00,0.032520325203252036,13.650256
2022-12-13 06:00:00,9.952,47.227436
2022-12-13 07:00:00,169.33814432989692,104.09626
2022-12-13 08:00:00,396.05,370.36316
2022-12-13 09:00:00,571.9690082644628,548.82306
2022-12-13 10:00:00,741.9416498993963,652.4904
2022-12-13 11:00:00,846.1049618320611,765.8933
2022-12-13 12:00:00,706.2446043165468,808.3039
2022-12-13 13:00:00,724.007434944238,671.2252
2022-12-13 14:00:00,669.8967391304348,624.7011
2022-12-13 15:00:00,291.2769516728625,472.21497
2022-12-13 16:00:00,253.1370106761566,172.14658
2022-12-13 17:00:00,103.03333333333333,115.91886
2022-12-13 18:00:00,15.501805054151625,24.83916
2022-12-13 19:00:00,0.054104477611940295,2.1445954
2022-12-13 20:00:00,0.048824593128390596,-3.3228424
2022-12-13 21:00:00,0.06741573033707865,18.50539
2022-12-13 22:00:00,0.05272727272727273,7.2848234
2022-12-13 23:00:00,0.04143126177024482,8.8144865
2022-12-14 00:00:00,0.03063063063063063,2.6884644
2022-12-14 01:00:00,0.056363636363636366,5.142581
2022-12-14 02:00:00,0.06108202443280977,3.0489075
2022-12-14 03:00:00,0.043478260869565216,14.569781
2022-12-14 04:00:00,0.05964912280701754,7.4027433
2022-12-14 05:00:00,0.04927007299270073,11.816272
2022-12-14 06:00:00,3.114840989399293,42.08498
2022-12-14 07:00:00,88.75868372943327,88.9561
2022-12-14 08:00:00,214.44858156028369,262.73898
2022-12-14 09:00:00,404.96507352941177,393.56332
2022-12-14 10:00:00,525.7037701974865,542.6472
2022-12-14 11:00:00,420.89444444444445,608.7857
2022-12-14 12:00:00,571.8842676311031,534.7253
2022-12-14 13:00:00,633.2910447761194,623.1291
2022-12-14 14:00:00,575.5,540.6757
2022-12-14 15:00:00,395.8890977443609,408.25345
2022-12-14 16:00:00,190.42210144927537,271.10104
2022-12-14 17:00:00,116.18233082706767,97.15231
2022-12-14 18:00:00,15.261343012704174,44.63651
2022-12-14 19:00:00,0.0599250936329588,-4.320401
2022-12-14 20:00:00,0.07468123861566485,12.286227
2022-12-14 21:00:00,0.05649717514124294,19.367008
2022-12-14 22:00:00,0.04735883424408015,16.212406
2022-12-14 23:00:00,0.054613935969868174,6.9305906
2022-12-15 00:00:00,0.048561151079136694,10.7746
2022-12-15 01:00:00,0.05194805194805195,6.254718
2022-12-15 02:00:00,0.03963963963963964,10.389682
2022-12-15 03:00:00,0.04307116104868914,10.584765
2022-12-15 04:00:00,0.06776556776556776,12.353869
2022-12-15 05:00:00,0.017013232514177693,13.908557
2022-12-15 06:00:00,8.791208791208792,37.575184
2022-12-15 07:00:00,149.48674242424244,100.757
2022-12-15 08:00:00,423.75319926873857,345.9114
2022-12-15 09:00:00,636.4527938342967,578.8449
2022-12-15 10:00:00,774.3596986817325,697.9275
2022-12-15 11:00:00,779.4053537284894,796.5627
2022-12-15 12:00:00,432.20076481835565,778.4649
2022-12-15 13:00:00,875.8509433962264,528.53876
2022-12-15 14:00:00,610.7485604606526,782.989
2022-12-15 15:00:00,568.6064030131827,390.34247
2022-12-15 16:00:00,158.53005464480876,323.41415
2022-12-15 17:00:00,60.866290018832395,37.345554
2022-12-15 18:00:00,6.2823315118397085,-15.369702
2022-12-15 19:00:00,0.07532956685499058,3.7574036
2022-12-15 20:00:00,0.10746812386156648,6.3795958
2022-12-15 21:00:00,0.06591337099811675,-6.9984713
2022-12-15 22:00:00,0.061930783242258654,6.241763
2022-12-15 23:00:00,0.047080979284369114,21.747547
2022-12-16 00:00:00,0.04332129963898917,6.4253874
2022-12-16 01:00:00,0.03564727954971857,2.191089
2022-12-16 02:00:00,0.05989110707803993,15.416888
2022-12-16 03:00:00,0.04896421845574388,11.552646
2022-12-16 04:00:00,0.03090909090909091,13.94414
2022-12-16 05:00:00,0.07183364839319471,22.759739
2022-12-16 06:00:00,2.8123861566484516,61.32723
2022-12-16 07:00:00,54.364150943396226,92.799
2022-12-16 08:00:00,198.3908256880734,199.72119
2022-12-16 09:00:00,443.6467181467182,387.0051
2022-12-16 10:00:00,525.6170212765958,581.98755
2022-12-16 11:00:00,597.3677042801556,606.2118
2022-12-16 12:00:00,568.9380692167578,668.5763
2022-12-16 13:00:00,668.6440677966102,611.08154
2022-12-16 14:00:00,670.6903460837887,596.1613
2022-12-16 15:00:00,631.8474576271186,510.75305
2022-12-16 16:00:00,294.40619307832424,407.0909
2022-12-16 17:00:00,50.45009416195857,164.47787
2022-12-16 18:00:00,6.360655737704918,4.4959135
2022-12-16 19:00:00,0.03766478342749529,2.9471161
2022-12-16 20:00:00,0.07832422586520947,3.7051728
2022-12-16 21:00:00,0.03766478342749529,11.944781
2022-12-16 22:00:00,0.0546448087431694,5.83298
2022-12-16 23:00:00,0.07156308851224105,11.525851
2022-12-17 00:00:00,0.04814814814814815,7.899707
2022-12-17 01:00:00,0.03759398496240601,14.58974
2022-12-17 02:00:00,0.04181818181818182,10.090274
2022-12-17 03:00:00,0.054613935969868174,7.5115843
2022-12-17 04:00:00,0.051001821493624776,10.500476
2022-12-17 05:00:00,0.06037735849056604,14.622363
2022-12-17 06:00:00,7.324225865209471,65.48598
2022-12-17 07:00:00,133.45386064030131,102.04592
2022-12-17 08:00:00,180.9089253187614,326.11932
2022-12-17 09:00:00,215.34799235181643,334.89597
2022-12-17 10:00:00,134.61216730038024,355.97656
2022-12-17 11:00:00,154.62248995983936,244.1207
2022-12-17 12:00:00,305.39344262295083,280.702
2022-12-17 13:00:00,329.64406779661016,392.2314
2022-12-17 14:00:00,374.75409836065575,306.5718
2022-12-17 15:00:00,275.73125,308.99646
2022-12-17 16:00:00,184.8072625698324,230.09377
2022-12-17 17:00:00,103.49137931034483,155.25851
2022-12-17 18:00:00,9.731843575418994,84.80258
2022-12-17 19:00:00,0.07142857142857142,8.899814
2022-12-17 20:00:00,0.07967032967032966,3.5337098
2022-12-17 21:00:00,0.061971830985915494,16.868946
2022-12-17 22:00:00,0.08401084010840108,-0.92646486
2022-12-17 23:00:00,0.07865168539325842,1.673587
2022-12-18 00:00:00,0.06970509383378017,12.204654
2022-12-18 01:00:00,0.051075268817204304,14.801028
2022-12-18 02:00:00,0.05699481865284974,20.55103
2022-12-18 03:00:00,0.047872340425531915,16.457127
2022-12-18 04:00:00,0.05958549222797927,8.592441
2022-12-18 05:00:00,0.04065040650406504,15.367648
2022-12-18 06:00:00,2.47244094488189,43.32909
2022-12-18 07:00:00,69.2797783933518,90.41934
2022-12-18 08:00:00,345.5706371191136,229.1296
2022-12-18 09:00:00,588.6289855072464,532.85547
2022-12-18 10:00:00,742.3201133144476,673.168
2022-12-18 11:00:00,598.0878186968838,772.2176
2022-12-18 12:00:00,742.6657142857143,681.27936
2022-12-18 13:00:00,601.1134328358208,738.0674
2022-12-18 14:00:00,775.4756446991404,539.4287
2022-12-18 15:00:00,587.6918604651163,570.4909
2022-12-18 16:00:00,120.0028818443804,371.17502
2022-12-18 17:00:00,47.42307692307692,44.009357
2022-12-18 18:00:00,5.354285714285714,18.17194
2022-12-18 19:00:00,0.08430232558139535,-4.6218386
2022-12-18 20:00:00,0.04120879120879121,9.6465025
2022-12-18 21:00:00,0.05099150141643059,-7.4869204
2022-12-18 22:00:00,0.06756756756756757,18.994358
2022-12-18 23:00:00,0.055710306406685235,7.61217
2022-12-19 00:00:00,0.07466666666666667,0.18619075
2022-12-19 01:00:00,0.051490514905149054,18.951862
2022-12-19 02:00:00,0.06443298969072164,0.4236938
2022-12-19 03:00:00,0.032,8.083835
2022-12-19 04:00:00,0.058823529411764705,15.13425
2022-12-19 05:00:00,0.04838709677419355,29.526112
2022-12-19 06:00:00,4.649076517150395,66.89801
2022-12-19 07:00:00,88.99438202247191,97.02889
2022-12-19 08:00:00,236.0638888888889,262.37918
2022-12-19 09:00:00,440.1937321937322,420.142
2022-12-19 10:00:00,648.3175487465181,570.6405
2022-12-19 11:00:00,488.7037037037037,700.23157
2022-12-19 12:00:00,384.05,587.13654
2022-12-19 13:00:00,306.39884393063585,508.22977
2022-12-19 14:00:00,432.04709141274236,380.24167
2022-12-19 15:00:00,312.6231884057971,345.60944
2022-12-19 16:00:00,195.64345403899722,191.96013
2022-12-19 17:00:00,69.60806916426513,85.26465
2022-12-19 18:00:00,7.921348314606742,29.665836
2022-12-19 19:00:00,0.05730659025787966,-3.877423
2022-12-19 20:00:00,0.06111111111111111,5.3433714
2022-12-19 21:00:00,0.07670454545454546,13.049609
2022-12-19 22:00:00,0.057534246575342465,8.915423
2022-12-19 23:00:00,0.059154929577464786,24.245564
2022-12-20 00:00:00,0.028423772609819122,7.5511503
2022-12-20 01:00:00,0.053164556962025315,15.492709
2022-12-20 02:00:00,0.0594059405940594,19.373981
2022-12-20 03:00:00,0.042440318302387266,13.578433
2022-12-20 04:00:00,0.03367875647668394,10.478457
2022-12-20 05:00:00,0.03825136612021858,18.599628
2022-12-20 06:00:00,5.308510638297872,57.34499
2022-12-20 07:00:00,68.31607629427793,97.154915
2022-12-20 08:00:00,274.07277628032347,225.7531
2022-12-20 09:00:00,596.657223796034,467.3081
2022-12-20 10:00:00,700.6565096952909,695.3201
2022-12-20 11:00:00,917.8468208092486,732.9136
2022-12-20 12:00:00,961.7603305785124,891.64404
2022-12-20 13:00:00,911.821325648415,891.0887
2022-12-20 14:00:00,376.27653631284915,805.7925
2022-12-20 15:00:00,293.14285714285717,358.46378
2022-12-20 16:00:00,139.09217877094972,234.26332
2022-12-20 17:00:00,80.06395348837209,53.233997
2022-12-20 18:00:00,9.72905027932961,26.23656
2022-12-20 19:00:00,0.04597701149425287,-5.854657
2022-12-20 20:00:00,0.05307262569832402,2.068164
2022-12-20 21:00:00,0.05588235294117647,5.031375
2022-12-20 22:00:00,0.04456824512534819,8.539371
2022-12-20 23:00:00,0.0898876404494382,13.592578
2022-12-21 00:00:00,0.056,9.938708
2022-12-21 01:00:00,0.051771117166212535,8.425418
2022-12-21 02:00:00,0.06970509383378017,7.606387
2022-12-21 03:00:00,0.04143646408839779,12.696673
2022-12-21 04:00:00,0.05405405405405406,10.728732
2022-12-21 05:00:00,0.052941176470588235,22.959583
2022-12-21 06:00:00,8.125340599455042,52.708195
2022-12-21 07:00:00,82.25507246376812,102.051575
2022-12-21 08:00:00,133.86149584487535,249.3411
2022-12-21 09:00:00,552.665671641791,293.82068
2022-12-21 10:00:00,636.8771428571429,692.7549
2022-12-21 11:00:00,614.4606413994169,669.11554
2022-12-21 12:00:00,855.9196675900278,700.91364
2022-12-21 13:00:00,594.5790960451977,826.0643
2022-12-21 14:00:00,425.62125340599454,531.8186
2022-12-21 15:00:00,367.08379888268155,391.69495
2022-12-21 16:00:00,352.3449197860963,300.93814
2022-12-21 17:00:00,100.44662921348315,174.37558
2022-12-21 18:00:00,13.454054054054055,26.234348
2022-12-21 19:00:00,0.058823529411764705,-3.6566436
2022-12-21 20:00:00,0.043596730245231606,13.270816
2022-12-21 21:00:00,0.06983240223463687,18.364185
2022-12-21 22:00:00,0.03814713896457766,4.5913267
2022-12-21 23:00:00,0.047752808988764044,6.797229
2022-12-22 00:00:00,0.059895833333333336,16.782063
2022-12-22 01:00:00,0.07253886010362694,15.532229
2022-12-22 02:00:00,0.07360406091370558,12.044116
2022-12-22 03:00:00,0.03937007874015748,15.872638
2022-12-22 04:00:00,0.04896907216494845,7.4585752
2022-12-22 05:00:00,0.04336043360433604,13.296786
2022-12-22 06:00:00,5.379679144385027,43.59972
2022-12-22 07:00:00,57.747899159663866,94.60532
2022-12-22 08:00:00,401.30193905817174,204.99762
2022-12-22 09:00:00,598.965811965812,588.3564
2022-12-22 10:00:00,794.0054794520548,669.43207
2022-12-22 11:00:00,878.8657142857143,817.9002
2022-12-22 12:00:00,943.5234159779615,863.3278
2022-12-22 13:00:00,910.6971428571428,867.5013
2022-12-22 14:00:00,719.9383753501401,819.0651
2022-12-22 15:00:00,274.86880466472303,544.31506
2022-12-22 16:00:00,109.3314447592068,182.47522
2022-12-22 17:00:00,27.06489675516224,67.00134
2022-12-22 18:00:00,4.490084985835694,6.3786345
2022-12-22 19:00:00,0.0471976401179941,-10.887219
2022-12-22 20:00:00,0.05099150141643059,3.8005555
2022-12-22 21:00:00,0.05637982195845697,1.4679443
2022-12-22 22:00:00,0.08045977011494253,6.1262693
2022-12-22 23:00:00,0.05688622754491018,18.090763
2022-12-23 00:00:00,0.051630434782608696,11.937945
2022-12-23 01:00:00,0.049868766404199474,9.54198
2022-12-23 02:00:00,0.0691358024691358,10.41344
2022-12-23 03:00:00,0.0663265306122449,11.299792
2022-12-23 04:00:00,0.04834605597964377,12.007876
2022-12-23 05:00:00,0.05361930294906166,36.529057
2022-12-23 06:00:00,9.54177897574124,76.240555
2022-12-23 07:00:00,177.38826815642457,107.51787
2022-12-23 08:00:00,349.23497267759564,380.6763
2022-12-23 09:00:00,610.7915492957746,504.27817
2022-12-23 10:00:00,741.8469945355191,694.3635
2022-12-23 11:00:00,599.0338983050848,758.05023
2022-12-23 12:00:00,975.7777777777778,659.07043
2022-12-23 13:00:00,912.0084745762712,888.7868
2022-12-23 14:00:00,780.1570247933885,747.3924
2022-12-23 15:00:00,459.994301994302,551.6365
2022-12-23 16:00:00,245.99722222222223,291.74155
2022-12-23 17:00:00,71.70058139534883,75.694275
2022-12-23 18:00:00,4.127118644067797,12.92377
2022-12-23 19:00:00,0.06606606606606606,-2.1723297
2022-12-23 20:00:00,0.07848837209302326,0.6028778
2022-12-23 21:00:00,0.07575757575757576,-5.0100985
2022-12-23 22:00:00,0.0718562874251497,14.06766
2022-12-23 23:00:00,0.03594771241830065,-1.0964326
2022-12-24 00:00:00,0.03089887640449438,15.625751
2022-12-24 01:00:00,0.059278350515463915,14.155566
2022-12-24 02:00:00,0.03768844221105527,12.285876
2022-12-24 03:00:00,0.049868766404199474,12.708911
2022-12-24 04:00:00,0.07291666666666667,11.78815
2022-12-24 05:00:00,0.06318681318681318,14.501391
2022-12-24 06:00:00,14.409574468085106,57.413074
2022-12-24 07:00:00,137.85041551246536,117.69332
2022-12-24 08:00:00,384.2821917808219,328.62738
2022-12-24 09:00:00,382.10787172011663,545.27374
2022-12-24 10:00:00,325.73926380368096,497.28094
2022-12-24 11:00:00,493.9696048632219,464.5718
2022-12-24 12:00:00,432.5507246376812,596.2794
2022-12-24 13:00:00,330.07988165680473,434.86694
2022-12-24 14:00:00,294.0813953488372,317.11404
2022-12-24 15:00:00,314.26047904191614,248.40303
2022-12-24 16:00:00,307.55059523809524,192.0966
2022-12-24 17:00:00,192.801775147929,154.17067
2022-12-24 18:00:00,13.773529411764706,77.303925
2022-12-24 19:00:00,0.039634146341463415,15.419986
2022-12-24 20:00:00,0.06358381502890173,15.161014
2022-12-24 21:00:00,0.03492063492063492,1.0465423
2022-12-24 22:00:00,0.05214723926380368,12.25484
2022-12-24 23:00:00,0.03184713375796178,12.111346
2022-12-25 00:00:00,0.0339943342776204,21.449345
2022-12-25 01:00:00,0.06282722513089005,12.323092
2022-12-25 02:00:00,0.042440318302387266,23.006504
2022-12-25 03:00:00,0.05322128851540616,21.98325
2022-12-25 04:00:00,0.051351351351351354,4.449359
2022-12-25 05:00:00,0.056179775280898875,11.928729
2022-12-25 06:00:00,4.215846994535519,26.238941
2022-12-25 07:00:00,34.47605633802817,92.05884
2022-12-25 08:00:00,149.49171270718233,158.64351
2022-12-25 09:00:00,422.6597014925373,333.94907
2022-12-25 10:00:00,682.672619047619,575.4369
2022-12-25 11:00:00,821.1582278481013,730.7664
2022-12-25 12:00:00,424.7176470588235,819.4815
2022-12-25 13:00:00,353.9432835820896,558.7397
2022-12-25 14:00:00,503.7753846153846,494.65405
2022-12-25 15:00:00,199.75816993464053,476.8434
2022-12-25 16:00:00,91.68168168168168,76.561844
2022-12-25 17:00:00,35.77917981072555,52.497974
2022-12-25 18:00:00,2.3720238095238093,21.5947
2022-12-25 19:00:00,0.042042042042042045,14.847659
2022-12-25 20:00:00,0.0425531914893617,18.653156
2022-12-25 21:00:00,0.06962025316455696,9.196322
2022-12-25 22:00:00,0.04416403785488959,15.166461
2022-12-25 23:00:00,0.016891891891891893,3.7627747
2022-12-26 00:00:00,0.04105571847507331,-0.40014347
2022-12-26 01:00:00,0.05187319884726225,14.831149
2022-12-26 02:00:00,0.03418803418803419,9.989535
2022-12-26 03:00:00,0.05232558139534884,13.594272
2022-12-26 04:00:00,0.045584045584045586,16.276157
2022-12-26 05:00:00,0.05029585798816568,41.651188
2022-12-26 06:00:00,3.72,72.50824
2022-12-26 07:00:00,60.59411764705882,96.59252
2022-12-26 08:00:00,287.2219101123595,211.49419
2022-12-26 09:00:00,586.4954128440367,482.62155
2022-12-26 10:00:00,673.3622291021671,684.1212
2022-12-26 11:00:00,700.9318181818181,717.9564
2022-12-26 12:00:00,785.8534482758621,748.55176
2022-12-26 13:00:00,873.1540697674419,758.0553
2022-12-26 14:00:00,769.2458563535912,757.07996
2022-12-26 15:00:00,587.169014084507,579.0511
2022-12-26 16:00:00,258.4483695652174,392.7926
2022-12-26 17:00:00,105.07082152974505,128.15091
2022-12-26 18:00:00,11.807588075880759,22.315449
2022-12-26 19:00:00,0.059322033898305086,-6.6418734
2022-12-26 20:00:00,0.035422343324250684,5.803836
2022-12-26 21:00:00,0.1016949152542373,9.835544
2022-12-26 22:00:00,0.060109289617486336,5.9438505
2022-12-26 23:00:00,0.03389830508474576,9.884234
2022-12-27 00:00:00,0.06593406593406594,11.1529875
2022-12-27 01:00:00,0.03235294117647059,10.6204405
2022-12-27 02:00:00,0.040697674418604654,10.238299
2022-12-27 03:00:00,0.03003003003003003,5.050311
2022-12-27 04:00:00,0.043731778425655975,11.284793
2022-12-27 05:00:00,0.09523809523809523,11.764483
2022-12-27 06:00:00,6.319088319088319,42.337254
2022-12-27 07:00:00,78.85840707964601,97.32852
2022-12-27 08:00:00,213.7409470752089,244.29813
2022-12-27 09:00:00,343.16764705882355,396.12915
2022-12-27 10:00:00,628.9860335195531,486.43768
2022-12-27 11:00:00,822.1714285714286,703.3924
2022-12-27 12:00:00,473.6530054644809,783.89154
2022-12-27 13:00:00,754.3983050847457,566.60266
2022-12-27 14:00:00,685.9098360655738,716.0286
2022-12-27 15:00:00,488.38418079096044,533.87103
2022-12-27 16:00:00,382.40710382513663,337.17105
2022-12-27 17:00:00,117.85310734463278,227.42201
2022-12-27 18:00:00,11.158469945355192,28.36559
2022-12-27 19:00:00,0.059322033898305086,0.59611815
2022-12-27 20:00:00,0.06557377049180328,-0.5225037
2022-12-27 21:00:00,0.059322033898305086,14.078998
2022-12-27 22:00:00,0.09289617486338798,8.091937
2022-12-27 23:00:00,0.04519774011299435,21.072697
2022-12-28 00:00:00,0.049723756906077346,1.1128875
2022-12-28 01:00:00,0.04504504504504504,18.383213
2022-12-28 02:00:00,0.03188405797101449,12.900729
2022-12-28 03:00:00,0.03880597014925373,14.066012
2022-12-28 04:00:00,0.022792022792022793,13.277179
2022-12-28 05:00:00,0.02373887240356083,13.275287
2022-12-28 06:00:00,7.034090909090909,38.06345
2022-12-28 07:00:00,118.01457725947522,99.14212
2022-12-28 08:00:00,184.44321329639888,305.45963
2022-12-28 09:00:00,304.6810344827586,344.7691
2022-12-28 10:00:00,604.4806629834254,455.90494
2022-12-28 11:00:00,578.7110481586402,687.5824
2022-12-28 12:00:00,647.3542234332425,609.95874
2022-12-28 13:00:00,169.7486033519553,658.9344
2022-12-28 14:00:00,206.22222222222223,248.68735
2022-12-28 15:00:00,203.8426966292135,223.66602
2022-12-28 16:00:00,211.6904109589041,149.95407
2022-12-28 17:00:00,67.66101694915254,90.05698
2022-12-28 18:00:00,5.021857923497268,17.672077
2022-12-28 19:00:00,0.08757062146892655,-0.015698278
2022-12-28 20:00:00,0.08469945355191257,-1.1507233
2022-12-28 21:00:00,0.06779661016949153,17.968586
2022-12-28 22:00:00,0.06557377049180328,-11.760312
2022-12-28 23:00:00,0.062146892655367235,8.918323
2022-12-29 00:00:00,0.030136986301369864,16.607365
2022-12-29 01:00:00,0.03389830508474576,9.389895
2022-12-29 02:00:00,0.04644808743169399,29.126575
2022-12-29 03:00:00,0.03977272727272727,15.595721
2022-12-29 04:00:00,0.04143646408839779,8.759158
2022-12-29 05:00:00,0.045714285714285714,17.611057
2022-12-29 06:00:00,9.309192200557103,58.81458
2022-12-29 07:00:00,184.15384615384616,106.78414
2022-12-29 08:00:00,311.9269662921348,389.28207
2022-12-29 09:00:00,645.3738872403561,468.64423
2022-12-29 10:00:00,753.0725075528701,728.89575
2022-12-29 11:00:00,891.8585209003215,760.8383
2022-12-29 12:00:00,698.3607594936709,848.73364
2022-12-29 13:00:00,748.8827160493827,679.10114
2022-12-29 14:00:00,436.51384615384615,641.6504
2022-12-29 15:00:00,456.2275641025641,330.56598
2022-12-29 16:00:00,178.5441176470588,291.6465
2022-12-29 17:00:00,37.89080459770115,63.744724
2022-12-29 18:00:00,11.825136612021858,-6.403928
2022-12-29 19:00:00,0.06497175141242938,13.807925
2022-12-29 20:00:00,0.06284153005464481,15.621951
2022-12-29 21:00:00,0.059322033898305086,7.5089293
2022-12-29 22:00:00,0.060109289617486336,4.3375273
2022-12-29 23:00:00,0.06779661016949153,9.155719
2022-12-30 00:00:00,0.04722222222222222,4.2048063
2022-12-30 01:00:00,0.050445103857566766,3.8891785
2022-12-30 02:00:00,0.039660056657223795,12.933093
2022-12-30 03:00:00,0.04081632653061224,6.930423
2022-12-30 04:00:00,0.07584269662921349,12.871341
2022-12-30 05:00:00,0.049707602339181284,24.025288
2022-12-30 06:00:00,5.930167597765363,69.74994
2022-12-30 07:00:00,92.22857142857143,96.51851
2022-12-30 08:00:00,132.08732394366197,267.00128
2022-12-30 09:00:00,495.84593023255815,287.4642
2022-12-30 10:00:00,669.5449438202247,644.9667
2022-12-30 11:00:00,487.84240687679085,700.9875
2022-12-30 12:00:00,606.2972222222222,605.4118
2022-12-30 13:00:00,436.5310734463277,674.5312
2022-12-30 14:00:00,211.48760330578511,431.57205
2022-12-30 15:00:00,162.6685552407932,186.1928
2022-12-30 16:00:00,83.17213114754098,147.69334
2022-12-30 17:00:00,60.83050847457627,40.35129
2022-12-30 18:00:00,6.524590163934426,38.920933
2022-12-30 19:00:00,0.04519774011299435,3.1772034
2022-12-30 20:00:00,0.060109289617486336,15.423526
2022-12-30 21:00:00,0.07062146892655367,17.180073
2022-12-30 22:00:00,0.0546448087431694,-1.8888367
2022-12-30 23:00:00,0.07062146892655367,1.2854339
2022-12-31 00:00:00,0.04132231404958678,13.172702
2022-12-31 01:00:00,0.0659025787965616,5.937274
2022-12-31 02:00:00,0.0653950953678474,14.376239
2022-12-31 03:00:00,0.04788732394366197,11.556079
2022-12-31 04:00:00,0.07297297297297298,20.432682
2022-12-31 05:00:00,0.05056179775280899,39.39742
2022-12-31 06:00:00,1.002717391304348,61.219852
2022-12-31 07:00:00,32.175977653631286,88.9545
2022-12-31 08:00:00,111.51639344262296,155.66748
2022-12-31 09:00:00,256.228813559322,284.22833
2022-12-31 10:00:00,505.45081967213116,433.79324
2022-12-31 11:00:00,501.8022598870057,623.3102
2022-12-31 12:00:00,714.1475409836065,580.4982
2022-12-31 13:00:00,742.2994350282486,721.1176
2022-12-31 14:00:00,173.29781420765028,672.7191
2022-12-31 15:00:00,135.1444759206799,238.92459
2022-12-31 16:00:00,110.50985915492957,182.78781
2022-12-31 17:00:00,55.42565597667638,53.42911
2022-12-31 18:00:00,3.037037037037037,10.668536
2022-12-31 19:00:00,0.05217391304347826,16.32468
2022-12-31 20:00:00,0.07262569832402235,17.368443
2022-12-31 21:00:00,0.08459214501510574,12.002322
2022-12-31 22:00:00,0.05637982195845697,4.699664
2022-12-31 23:00:00,0.031446540880503145,0.2960998
2023-01-01 00:00:00,0.042105263157894736,-4.3352785
2023-01-01 01:00:00,0.0,17.869831
2023-01-01 02:00:00,0.0,16.617344
2023-01-01 03:00:00,0.0,16.68227
2023-01-01 04:00:00,0.0,20.80132
2023-01-01 05:00:00,0.0,30.390263
2023-01-01 06:00:00,0.7540983606557377,64.15874
2023-01-01 07:00:00,71.05084745762711,90.21153
2023-01-01 08:00:00,259.1475409836066,233.3939
2023-01-01 09:00:00,789.1694915254237,452.67548
2023-01-01 10:00:00,919.0,879.86163
2023-01-01 11:00:00,959.8135593220339,907.983
2023-01-01 12:00:00,943.7049180327868,930.1506
2023-01-01 13:00:00,995.3728813559322,903.1627
2023-01-01 14:00:00,955.1147540983607,893.72754
2023-01-01 15:00:00,810.542372881356,769.26886
2023-01-01 16:00:00,396.27868852459017,563.02893
2023-01-01 17:00:00,195.9322033898305,191.89026
2023-01-01 18:00:00,132.24590163934425,52.65894
2023-01-01 19:00:00,2.0508474576271185,55.82485
2023-01-01 20:00:00,0.0,20.362553
2023-01-01 21:00:00,0.0,-16.87527
2023-01-01 22:00:00,0.0,32.016376
2023-01-01 23:00:00,0.0,20.205448
2023-01-02 00:00:00,0.0,21.071812
2023-01-02 01:00:00,0.0,9.143207
2023-01-02 02:00:00,0.0,6.983844
2023-01-02 03:00:00,0.0,12.4976225
2023-01-02 04:00:00,0.0,5.226474
2023-01-02 05:00:00,0.0,11.728015
2023-01-02 06:00:00,1.459016393442623,11.653308
2023-01-02 07:00:00,99.35593220338983,38.828403
2023-01-02 08:00:00,359.7049180327869,279.40048
2023-01-02 09:00:00,564.6440677966102,535.45
2023-01-02 10:00:00,732.3770491803278,651.1631
2023-01-02 11:00:00,635.4067796610169,763.9861
2023-01-02 12:00:00,685.2622950819672,692.0846
2023-01-02 13:00:00,1017.6949152542373,690.17816
2023-01-02 14:00:00,777.9508196721312,888.85004
2023-01-02 15:00:00,617.8474576271186,541.09467
2023-01-02 16:00:00,311.40983606557376,380.16788
2023-01-02 17:00:00,175.45762711864407,119.17296
2023-01-02 18:00:00,64.22950819672131,17.719975
2023-01-02 19:00:00,0.711864406779661,10.910174
2023-01-02 20:00:00,0.0,3.1755097
2023-01-02 21:00:00,0.0,3.4776947
2023-01-02 22:00:00,0.0,-2.8500793
2023-01-02 23:00:00,0.0,10.7593565
2023-01-03 00:00:00,0.0,10.311496
2023-01-13 00:00:00,0.0,13.410632
2023-01-13 01:00:00,0.0,14.147281
2023-01-13 02:00:00,0.0,6.5728483
2023-01-13 03:00:00,0.0,11.319308
2023-01-13 04:00:00,0.0,10.940707
2023-01-13 05:00:00,0.0,21.126606
2023-01-13 06:00:00,0.7049180327868853,61.20348
2023-01-13 07:00:00,91.0677966101695,91.27463
2023-01-13 08:00:00,323.7704918032787,267.76477
2023-01-13 09:00:00,534.271186440678,505.28665
2023-01-13 10:00:00,751.8688524590164,633.94904
2023-01-13 11:00:00,891.3728813559322,773.18994
2023-01-13 12:00:00,989.983606557377,861.65894
2023-01-13 13:00:00,952.271186440678,902.8844
2023-01-13 14:00:00,865.327868852459,838.70654
2023-01-13 15:00:00,636.2203389830509,666.2404
2023-01-13 16:00:00,434.0163934426229,446.3261
2023-01-13 17:00:00,181.35593220338984,246.0986
2023-01-13 18:00:00,55.65573770491803,55.180683
2023-01-13 19:00:00,0.864406779661017,9.553988
2023-01-13 20:00:00,0.0,3.2844117
2023-01-13 21:00:00,0.0,3.5020325
2023-01-13 22:00:00,0.0,4.890994
2023-01-13 23:00:00,0.0,14.084262
2023-01-14 00:00:00,0.0,18.911762
2023-01-14 01:00:00,0.0,11.077975
2023-01-14 02:00:00,0.0,15.577487
2023-01-14 03:00:00,0.0,12.827563
2023-01-14 04:00:00,0.0,10.077472
2023-01-14 05:00:00,0.0,12.464023
2023-01-14 06:00:00,0.6721311475409836,21.676365
2023-01-14 07:00:00,86.83050847457628,65.97908
2023-01-14 08:00:00,282.24590163934425,260.24542
2023-01-14 09:00:00,562.8813559322034,468.67087
2023-01-14 10:00:00,763.0983606557377,666.793
2023-01-14 11:00:00,909.1016949152543,776.7374
2023-01-14 12:00:00,991.5245901639345,882.18365
2023-01-14 13:00:00,995.2033898305085,912.7222
2023-01-14 14:00:00,916.9344262295082,878.13525
2023-01-14 15:00:00,848.45,723.407
2023-01-14 16:00:00,681.8666666666667,594.87585
2023-01-15 11:00:00,2545.9333333333334,448.97836
2023-01-15 12:00:00,2544.1363636363635,2468.57
2023-01-15 13:00:00,2492.0,2293.8284
2023-01-15 15:00:00,727.125,976.8704
2023-01-15 16:00:00,525.639344262295,512.8402
2023-01-15 17:00:00,130.28813559322035,135.89816
2023-01-15 18:00:00,20.80327868852459,127.80357
2023-01-15 19:00:00,0.06779661016949153,51.003407
2023-01-15 20:00:00,0.0,63.980183
2023-01-15 21:00:00,0.0,53.490696
2023-01-15 22:00:00,0.0,58.493397
2023-01-15 23:00:00,0.0,31.572147
2023-01-16 00:00:00,0.0,12.397128
2023-01-16 01:00:00,0.0,23.86295
2023-01-16 02:00:00,0.0,25.9939
2023-01-16 03:00:00,0.0,42.029713
2023-01-16 04:00:00,0.0,8.508609
2023-01-16 05:00:00,0.0,14.066623
2023-01-16 06:00:00,2.2295081967213113,32.14429
2023-01-16 07:00:00,61.76271186440678,84.603714
2023-01-16 08:00:00,279.1967213114754,214.62337
2023-01-16 09:00:00,564.8813559322034,474.85803
2023-01-16 10:00:00,480.2950819672131,668.3282
2023-01-16 11:00:00,972.4067796610169,589.11334
2023-01-16 12:00:00,739.344262295082,928.3482
2023-01-16 13:00:00,732.271186440678,721.041
2023-01-16 14:00:00,912.3770491803278,659.1418
2023-01-16 15:00:00,756.0169491525423,774.6397
2023-01-16 16:00:00,260.4918032786885,484.26825
2023-01-16 17:00:00,41.20338983050848,141.49185
2023-01-16 18:00:00,9.245901639344263,-5.3576784
2023-01-16 19:00:00,0.0,0.69501036
2023-01-16 20:00:00,0.0,-2.1735046
2023-01-16 21:00:00,0.0,13.442248
2023-01-16 22:00:00,0.0,-0.96770936
2023-01-16 23:00:00,0.0,0.93953246
2023-01-17 00:00:00,0.0,12.979541
2023-01-17 01:00:00,0.0,21.737125
2023-01-17 02:00:00,0.0,9.243136
2023-01-17 03:00:00,0.0,15.846988
2023-01-17 04:00:00,0.0,10.595981
2023-01-17 05:00:00,0.0,16.7887
2023-01-17 06:00:00,2.1475409836065573,68.67552
2023-01-17 07:00:00,84.22033898305085,90.09883
2023-01-17 08:00:00,321.62295081967216,255.53938
2023-01-17 09:00:00,566.4915254237288,505.47824
2023-01-17 10:00:00,679.2131147540983,660.6702
2023-01-17 11:00:00,938.561403508772,724.637
2023-01-17 12:00:00,1005.7708333333334,893.72534
2023-01-17 13:00:00,994.9661016949152,918.3271
2023-01-17 14:00:00,905.7049180327868,864.66974
2023-01-17 15:00:00,763.9830508474577,706.7299
2023-01-17 16:00:00,520.9672131147541,525.006
2023-01-17 17:00:00,181.0677966101695,326.28278
2023-01-17 18:00:00,30.639344262295083,58.308033
2023-01-17 19:00:00,1.0338983050847457,7.862506
2023-01-17 20:00:00,0.0,8.892337
2023-01-17 21:00:00,0.0,10.107928
2023-01-17 22:00:00,0.0,5.320361
2023-01-17 23:00:00,0.0,12.263766
2023-01-18 00:00:00,0.0,21.232334
2023-01-18 01:00:00,0.0,8.986743
2023-01-18 02:00:00,0.0,20.825459
2023-01-18 03:00:00,0.0,11.562274
2023-01-18 04:00:00,0.0,6.501025
2023-01-18 05:00:00,0.0,12.465655
2023-01-18 06:00:00,1.098360655737705,24.89835
2023-01-18 07:00:00,94.59322033898304,77.31528
2023-01-18 08:00:00,293.91803278688525,272.6972
2023-01-18 09:00:00,493.9491525423729,476.92294
2023-01-18 10:00:00,763.5081967213115,607.5087
2023-01-18 11:00:00,895.5593220338983,783.42694
2023-01-18 12:00:00,628.2459016393443,860.883
2023-01-18 13:00:00,253.35593220338984,650.1292
2023-01-18 14:00:00,572.7049180327868,381.32974
2023-01-18 15:00:00,623.9322033898305,539.8598
2023-01-18 16:00:00,226.13114754098362,383.61337
2023-01-18 17:00:00,21.45762711864407,83.252945
2023-01-18 18:00:00,0.7377049180327869,-29.600124
2023-01-18 19:00:00,0.0,-6.355008
2023-01-18 20:00:00,0.0,19.232151
2023-01-18 21:00:00,0.0,23.505634
2023-01-18 22:00:00,0.0,3.2095368
2023-01-18 23:00:00,0.0,27.360615
2023-01-19 00:00:00,0.0,4.4022093
2023-01-19 01:00:00,0.0,26.962818
2023-01-19 02:00:00,0.0,14.914981
2023-01-19 03:00:00,0.0,12.066455
2023-01-19 04:00:00,0.0,11.191318
2023-01-19 05:00:00,0.0,22.558353
2023-01-19 06:00:00,0.4426229508196721,79.575165
2023-01-19 07:00:00,74.94915254237289,90.72247
2023-01-19 08:00:00,135.9344262295082,240.32877
2023-01-19 09:00:00,348.91525423728814,299.98303
2023-01-19 10:00:00,516.360655737705,511.2992
2023-01-19 11:00:00,792.728813559322,610.1627
2023-01-19 12:00:00,955.4590163934427,775.802
2023-01-19 13:00:00,759.457627118644,878.8761
2023-01-19 14:00:00,358.4590163934426,690.9216
2023-01-19 15:00:00,300.89830508474574,411.93723
2023-01-19 16:00:00,66.34426229508196,272.09128
2023-01-19 17:00:00,14.559322033898304,-38.416546
2023-01-19 18:00:00,3.819672131147541,4.8921843
2023-01-19 19:00:00,0.0,7.25838
2023-01-19 20:00:00,0.0,9.138034
2023-01-19 21:00:00,0.0,11.621158
2023-01-19 22:00:00,0.0,4.927356
2023-01-19 23:00:00,0.0,19.567066
2023-01-20 00:00:00,0.0,12.661487
2023-01-20 01:00:00,0.0,6.1592436
2023-01-20 02:00:00,0.0,13.200503
2023-01-20 03:00:00,0.0,8.944781
2023-01-20 04:00:00,0.0,13.946536
2023-01-20 05:00:00,0.0,56.678562
2023-01-20 06:00:00,0.3114754098360656,82.497925
2023-01-20 07:00:00,54.101694915254235,88.95636
2023-01-20 08:00:00,164.0,200.66132
2023-01-20 09:00:00,294.271186440678,344.0256
2023-01-20 10:00:00,677.016393442623,453.4001
2023-01-20 11:00:00,1007.1694915254237,752.223
2023-01-20 12:00:00,956.7049180327868,958.94464
2023-01-20 13:00:00,964.4406779661017,917.07837
2023-01-20 14:00:00,745.3770491803278,867.8586
2023-01-20 15:00:00,638.2881355932203,654.9058
2023-01-20 16:00:00,306.55737704918033,499.64606
2023-01-20 17:00:00,56.23728813559322,181.47581
2023-01-20 18:00:00,27.475409836065573,38.566456
2023-01-20 19:00:00,0.576271186440678,20.273838
2023-01-20 20:00:00,0.0,-0.8526123
2023-01-20 21:00:00,0.0,18.339146
2023-01-20 22:00:00,0.0,-2.5169952
2023-01-20 23:00:00,0.0,22.360859
2023-01-21 00:00:00,0.0,10.55997
2023-01-21 01:00:00,0.0,12.682559
2023-01-21 02:00:00,0.0,15.105731
2023-01-21 03:00:00,0.0,7.388873
2023-01-21 04:00:00,0.0,10.447223
2023-01-21 05:00:00,0.0,14.452945
2023-01-21 06:00:00,0.14754098360655737,58.328876
2023-01-21 07:00:00,28.915254237288135,76.91446
2023-01-21 08:00:00,133.0,149.25954
2023-01-21 09:00:00,256.9491525423729,315.9412
2023-01-21 10:00:00,478.9344262295082,427.75458
2023-01-21 11:00:00,818.8983050847457,601.22546
2023-01-21 12:00:00,1041.1311475409836,818.1117
2023-01-21 13:00:00,751.5593220338983,957.0947
2023-01-21 14:00:00,589.344262295082,731.9742
2023-01-21 15:00:00,270.8305084745763,575.3727
2023-01-21 16:00:00,215.80357142857142,221.14117
2023-01-25 19:00:00,0.0,119.116005
2023-01-25 20:00:00,0.0,-12.414456
2023-01-25 21:00:00,0.0,7.916995
2023-01-25 22:00:00,0.0,13.4629545
2023-01-25 23:00:00,0.0,21.017551
2023-01-26 00:00:00,0.0,-0.520459
2023-01-26 01:00:00,0.0,9.101596
2023-01-26 02:00:00,0.0,12.986941
2023-01-26 03:00:00,0.0,19.280201
2023-01-26 04:00:00,0.0,3.0074189
2023-01-26 05:00:00,0.0,10.525424
2023-01-26 06:00:00,1.0819672131147542,9.527179
2023-01-26 07:00:00,61.50847457627118,27.840046
2023-01-26 08:00:00,132.78688524590163,214.7699
2023-01-26 09:00:00,453.79661016949154,301.53833
2023-01-26 10:00:00,826.4754098360655,607.81036
2023-01-26 11:00:00,959.0847457627119,853.7021
2023-01-26 12:00:00,1009.4098360655738,925.29395
2023-01-26 13:00:00,1011.9830508474577,948.5056
2023-01-26 14:00:00,840.4426229508197,919.2635
2023-01-26 15:00:00,741.5084745762712,727.4149
2023-01-26 16:00:00,543.5573770491803,565.91406
2023-01-26 17:00:00,305.864406779661,343.54532
2023-01-26 18:00:00,87.44262295081967,117.41732
2023-01-26 19:00:00,1.0,12.901156
2023-01-26 20:00:00,0.0,-4.9139376
2023-01-26 21:00:00,0.0,17.143772
2023-01-26 22:00:00,0.0,10.326266
2023-01-26 23:00:00,0.0,18.924091
2023-01-27 00:00:00,0.0,14.197223
2023-01-27 01:00:00,0.0,7.202838
2023-01-27 02:00:00,0.0,19.368427
2023-01-27 03:00:00,0.0,12.380206
2023-01-27 04:00:00,0.0,10.944812
2023-01-27 05:00:00,0.0,11.450381
2023-01-27 06:00:00,3.0327868852459017,13.119098
2023-01-27 07:00:00,70.32203389830508,57.937595
2023-01-27 08:00:00,190.44262295081967,230.49579
2023-01-27 09:00:00,303.49152542372883,370.18707
2023-01-27 10:00:00,495.37704918032784,455.271
2023-01-27 11:00:00,928.542372881356,605.99286
2023-01-27 12:00:00,820.8032786885246,892.4463
2023-01-27 13:00:00,899.2881355932203,781.3999
2023-01-27 14:00:00,946.4262295081967,782.86053
2023-01-27 15:00:00,504.03389830508473,797.8741
2023-01-27 16:00:00,59.77049180327869,346.70663
2023-01-27 17:00:00,52.3728813559322,67.17711
2023-01-27 18:00:00,15.754098360655737,63.40862
2023-01-27 19:00:00,0.05084745762711865,2.031604
2023-01-27 20:00:00,0.0,-27.102596
2023-01-27 21:00:00,0.0,6.1427946
2023-01-27 22:00:00,0.0,0.1848785
2023-01-27 23:00:00,0.0,3.6361268
2023-01-28 00:00:00,0.0,20.331242
2023-01-28 01:00:00,0.0,8.115451
2023-01-28 02:00:00,0.0,8.418353
2023-01-28 03:00:00,0.0,-5.490918
2023-01-28 04:00:00,0.0,15.80701
2023-01-28 05:00:00,0.0,50.99576
2023-01-28 06:00:00,1.2295081967213115,62.47402
2023-01-28 07:00:00,65.20338983050847,85.04114
2023-01-28 08:00:00,288.8360655737705,221.90619
2023-01-28 09:00:00,307.23728813559325,482.51773
2023-01-28 10:00:00,421.5409836065574,442.2267
2023-01-28 11:00:00,550.8644067796611,544.0732
2023-01-28 12:00:00,312.88524590163934,615.5861
2023-01-28 13:00:00,309.4406779661017,398.5963
2023-01-28 14:00:00,537.1967213114754,387.70587
2023-01-28 15:00:00,763.5254237288135,449.957
2023-01-28 16:00:00,250.1639344262295,494.32516
2023-01-28 17:00:00,157.20338983050848,137.42221
2023-01-28 18:00:00,37.19672131147541,58.632557
2023-01-28 19:00:00,0.2711864406779661,8.736331
2023-01-28 20:00:00,0.0,-21.557323
2023-01-28 21:00:00,0.0,-13.133817
2023-01-28 22:00:00,0.0,28.069248
2023-01-28 23:00:00,0.0,-0.3888062
2023-01-29 00:00:00,0.0,-7.4521456
2023-01-29 01:00:00,0.0,17.089527
2023-01-29 02:00:00,0.0,9.273959
2023-01-29 03:00:00,0.0,11.496066
2023-01-29 04:00:00,0.0,12.443393
2023-01-29 05:00:00,0.0,9.035144
2023-01-29 06:00:00,1.459016393442623,25.925953
2023-01-29 07:00:00,99.35593220338983,75.29648
2023-01-29 08:00:00,359.7049180327869,280.368
2023-01-29 09:00:00,564.6440677966102,535.45
2023-01-29 10:00:00,732.3770491803278,651.1631
2023-01-29 11:00:00,635.4067796610169,763.9861
2023-01-29 12:00:00,685.2622950819672,692.0846
2023-01-29 13:00:00,1017.6949152542373,690.17816
2023-01-29 14:00:00,777.9508196721312,888.85004
2023-01-29 15:00:00,617.8474576271186,541.0946
2023-01-29 16:00:00,311.40983606557376,380.16788
2023-01-29 17:00:00,175.45762711864407,119.17296
2023-01-29 18:00:00,64.22950819672131,17.719975
2023-01-29 19:00:00,0.711864406779661,10.910174
2023-01-29 20:00:00,0.0,3.1755097
2023-01-29 21:00:00,0.0,3.4776947
2023-01-29 22:00:00,0.0,-2.8500793
2023-01-29 23:00:00,0.0,10.7593565
2023-01-30 00:00:00,0.0,10.311496
2023-01-30 01:00:00,0.0,13.410632
2023-01-30 02:00:00,0.0,14.147281
2023-01-30 03:00:00,0.0,6.5728483
2023-01-30 04:00:00,0.0,11.319308
2023-01-30 05:00:00,0.0,10.940707
2023-01-30 06:00:00,0.6885245901639344,21.126606
2023-01-30 07:00:00,61.355932203389834,62.58971
2023-01-30 08:00:00,173.08196721311475,214.34055
2023-01-30 09:00:00,330.66101694915255,352.3299
2023-01-30 10:00:00,735.360655737705,484.34448
2023-01-30 11:00:00,631.1864406779661,791.404
2023-01-30 12:00:00,501.57377049180326,675.2568
2023-01-30 13:00:00,539.6271186440678,604.33997
2023-01-30 14:00:00,693.7213114754098,580.3624
2023-01-30 15:00:00,759.3389830508474,536.92285
2023-01-30 16:00:00,277.6393442622951,517.3521
2023-01-30 17:00:00,139.88135593220338,168.3496
2023-01-30 18:00:00,116.75409836065573,37.34505
2023-01-30 19:00:00,3.3559322033898304,28.436466
2023-01-30 20:00:00,0.0,1.3873626
2023-01-30 21:00:00,0.0,7.0783567
2023-01-30 22:00:00,0.0,1.395465
2023-01-30 23:00:00,0.0,9.821109
2023-01-31 00:00:00,0.0,-1.7781037
2023-01-31 01:00:00,0.0,-1.3417023
2023-01-31 02:00:00,0.0,3.8002808
2023-01-31 03:00:00,0.0,14.570575
2023-01-31 04:00:00,0.0,9.788577
2023-01-31 05:00:00,0.0,8.973651
2023-01-31 06:00:00,1.0819672131147542,20.120579
2023-01-31 07:00:00,97.37288135593221,42.276554
2023-01-31 08:00:00,412.8032786885246,275.77728
2023-01-31 09:00:00,609.1186440677966,584.36896
2023-01-31 10:00:00,756.4426229508197,676.01013
2023-01-31 11:00:00,615.2033898305085,790.60944
2023-01-31 12:00:00,961.016393442623,683.28265
2023-01-31 13:00:00,997.0338983050848,883.11896
2023-01-31 14:00:00,903.2295081967213,852.5538
2023-01-31 15:00:00,585.9322033898305,643.1003
2023-01-31 16:00:00,339.6393442622951,367.48694
2023-01-31 17:00:00,94.77966101694915,132.07355
2023-01-31 18:00:00,53.78688524590164,4.43204
2023-01-31 19:00:00,1.7457627118644068,11.1847105
2023-01-31 20:00:00,0.0,8.758212
2023-01-31 21:00:00,0.0,-5.5464144
2023-01-31 22:00:00,0.0,9.19234
2023-01-31 23:00:00,0.0,7.039096
2023-02-01 00:00:00,0.0,13.891131
2023-02-01 01:00:00,0.0,14.674106
2023-02-01 02:00:00,0.0,10.744632
2023-02-01 03:00:00,0.0,17.193195
2023-02-01 04:00:00,0.0,8.996966
2023-02-01 05:00:00,0.0,12.804706
2023-02-01 06:00:00,0.6065573770491803,36.23287
2023-02-01 07:00:00,54.16949152542373,66.396515
2023-02-01 08:00:00,160.50819672131146,199.80202
2023-02-01 09:00:00,414.93220338983053,339.5997
2023-02-01 10:00:00,639.5081967213115,564.397
2023-02-01 11:00:00,814.9830508474577,699.114
2023-02-01 12:00:00,939.4918032786885,804.0191
2023-02-01 13:00:00,998.1864406779661,876.5144
2023-02-01 14:00:00,903.3770491803278,884.9845
2023-02-01 15:00:00,803.3728813559322,759.22095
2023-02-01 16:00:00,485.9672131147541,587.5513
2023-02-01 17:00:00,262.8813559322034,316.12302
2023-02-01 18:00:00,126.80327868852459,113.25753
2023-02-01 19:00:00,2.152542372881356,40.009617
2023-02-01 20:00:00,0.0,-6.227826
2023-02-01 21:00:00,0.0,-1.9345978
2023-02-01 22:00:00,0.0,4.749316
2023-02-01 23:00:00,0.0,8.462008
2023-02-02 00:00:00,0.0,16.67693
2023-02-02 01:00:00,0.0,10.938937
2023-02-02 02:00:00,0.0,13.473239
2023-02-02 03:00:00,0.0,11.958987
2023-02-02 04:00:00,0.0,12.052951
2023-02-02 05:00:00,0.0,11.199115
2023-02-02 06:00:00,0.6885245901639344,10.5749235
2023-02-02 07:00:00,61.355932203389834,38.97063
2023-02-02 08:00:00,173.08196721311475,213.65144
2023-02-02 09:00:00,330.66101694915255,352.3299
2023-02-02 10:00:00,735.360655737705,484.34448
2023-02-02 11:00:00,631.1864406779661,791.404
2023-02-02 12:00:00,501.57377049180326,675.25684
2023-02-02 13:00:00,539.6271186440678,604.33997
2023-02-02 14:00:00,693.7213114754098,580.3624
2023-02-02 15:00:00,759.3389830508474,536.92285
2023-02-02 16:00:00,277.6393442622951,517.3521
2023-02-02 17:00:00,139.88135593220338,168.3496
2023-02-02 18:00:00,116.75409836065573,37.34505
2023-02-02 19:00:00,3.3559322033898304,28.436466
2023-02-02 20:00:00,0.0,1.3873626
2023-02-02 21:00:00,0.0,7.0783567
2023-02-02 22:00:00,0.0,1.395465
2023-02-02 23:00:00,0.0,9.821109
2023-02-03 00:00:00,0.0,-1.7781037
2023-02-13 00:00:00,0.0,-1.3417023
2023-02-13 01:00:00,0.0,3.8002808
2023-02-13 02:00:00,0.0,14.570575
2023-02-13 03:00:00,0.0,9.788577
2023-02-13 04:00:00,0.0,8.973651
2023-02-13 05:00:00,0.0,20.120579
2023-02-13 06:00:00,0.7049180327868853,40.31429
2023-02-13 07:00:00,91.0677966101695,89.99095
2023-02-13 08:00:00,323.7704918032787,267.76477
2023-02-13 09:00:00,534.271186440678,505.28665
2023-02-13 10:00:00,751.8688524590164,633.94904
2023-02-13 11:00:00,891.3728813559322,773.18994
2023-02-13 12:00:00,989.983606557377,861.65894
2023-02-13 13:00:00,952.271186440678,902.8844
2023-02-13 14:00:00,865.327868852459,838.70654
2023-02-13 15:00:00,636.2203389830509,666.2404
2023-02-13 16:00:00,434.0163934426229,446.3261
2023-02-13 17:00:00,181.35593220338984,246.0986
2023-02-13 18:00:00,55.65573770491803,55.180653
2023-02-13 19:00:00,0.864406779661017,9.553988
2023-02-13 20:00:00,0.0,3.2844117
2023-02-13 21:00:00,0.0,3.5020325
2023-02-13 22:00:00,0.0,4.890994
2023-02-13 23:00:00,0.0,14.084262
2023-02-14 00:00:00,0.0,18.911762
2023-02-14 01:00:00,0.0,11.077975
2023-02-14 02:00:00,0.0,15.577487
2023-02-14 03:00:00,0.0,12.827563
2023-02-14 04:00:00,0.0,10.077472
2023-02-14 05:00:00,0.0,12.464023
2023-02-14 06:00:00,0.6721311475409836,21.676365
2023-02-14 07:00:00,86.83050847457628,65.97908
2023-02-14 08:00:00,282.24590163934425,260.24542
2023-02-14 09:00:00,562.8813559322034,468.67087
2023-02-14 10:00:00,763.0983606557377,666.793
2023-02-14 11:00:00,909.1016949152543,776.7374
2023-02-14 12:00:00,991.5245901639345,882.18365
2023-02-14 13:00:00,995.2033898305085,912.7222
2023-02-14 14:00:00,916.9344262295082,878.13525
2023-02-14 15:00:00,848.45,723.407
2023-02-14 16:00:00,681.8666666666667,594.87585
2023-02-15 11:00:00,2545.9333333333334,448.97836
2023-02-15 12:00:00,2544.1363636363635,2468.57
2023-02-15 13:00:00,2492.0,2293.8284
2023-02-15 15:00:00,727.125,976.8704
2023-02-15 16:00:00,525.639344262295,512.8402
2023-02-15 17:00:00,130.28813559322035,135.89816
2023-02-15 18:00:00,20.80327868852459,127.80357
2023-02-15 19:00:00,0.06779661016949153,51.003407
2023-02-15 20:00:00,0.0,63.980183
2023-02-15 21:00:00,0.0,53.490696
2023-02-15 22:00:00,0.0,58.493397
2023-02-15 23:00:00,0.0,31.572147
2023-02-16 00:00:00,0.0,12.397128
2023-02-16 01:00:00,0.0,23.86295
2023-02-16 02:00:00,0.0,25.99393
2023-02-16 03:00:00,0.0,42.029713
2023-02-16 04:00:00,0.0,8.508609
2023-02-16 05:00:00,0.0,14.066623
2023-02-16 06:00:00,2.2295081967213113,32.14429
2023-02-16 07:00:00,61.76271186440678,84.603714
2023-02-16 08:00:00,279.1967213114754,214.62337
2023-02-16 09:00:00,564.8813559322034,474.85803
2023-02-16 10:00:00,480.2950819672131,668.3282
2023-02-16 11:00:00,972.4067796610169,589.11334
2023-02-16 12:00:00,739.344262295082,928.3482
2023-02-16 13:00:00,732.271186440678,721.041
2023-02-16 14:00:00,912.3770491803278,659.1418
2023-02-16 15:00:00,756.0169491525423,774.6397
2023-02-16 16:00:00,260.4918032786885,484.26825
2023-02-16 17:00:00,41.20338983050848,141.49185
2023-02-16 18:00:00,9.245901639344263,-5.3576784
2023-02-16 19:00:00,0.0,0.69501036
2023-02-16 20:00:00,0.0,-2.1735046
2023-02-16 21:00:00,0.0,13.442248
2023-02-16 22:00:00,0.0,-0.96770936
2023-02-16 23:00:00,0.0,0.93953246
2023-02-17 00:00:00,0.0,12.979541
2023-02-17 01:00:00,0.0,21.737125
2023-02-17 02:00:00,0.0,9.243136
2023-02-17 03:00:00,0.0,15.846988
2023-02-17 04:00:00,0.0,10.595981
2023-02-17 05:00:00,0.0,16.788715
2023-02-17 06:00:00,2.1475409836065573,68.67552
2023-02-17 07:00:00,84.22033898305085,90.09883
2023-02-17 08:00:00,321.62295081967216,255.53938
2023-02-17 09:00:00,566.4915254237288,505.47818
2023-02-17 10:00:00,679.2131147540983,660.6702
2023-02-17 11:00:00,938.561403508772,724.637
2023-02-17 12:00:00,1005.7708333333334,893.72534
2023-02-17 13:00:00,994.9661016949152,918.3271
2023-02-17 14:00:00,905.7049180327868,864.66974
2023-02-17 15:00:00,763.9830508474577,706.7299
2023-02-17 16:00:00,520.9672131147541,525.006
2023-02-17 17:00:00,181.0677966101695,326.28278
2023-02-17 18:00:00,30.639344262295083,58.308033
2023-02-17 19:00:00,1.0338983050847457,7.862506
2023-02-17 20:00:00,0.0,8.892337
2023-02-17 21:00:00,0.0,10.107928
2023-02-17 22:00:00,0.0,5.320361
2023-02-17 23:00:00,0.0,12.263766
2023-02-18 00:00:00,0.0,21.232334
2023-02-18 01:00:00,0.0,8.986743
2023-02-18 02:00:00,0.0,20.825459
2023-02-18 03:00:00,0.0,11.562274
2023-02-18 04:00:00,0.0,6.501025
2023-02-18 05:00:00,0.0,12.465655
2023-02-18 06:00:00,1.098360655737705,24.89835
2023-02-18 07:00:00,94.59322033898304,77.31528
2023-02-18 08:00:00,293.91803278688525,272.6972
2023-02-18 09:00:00,493.9491525423729,476.92294
2023-02-18 10:00:00,763.5081967213115,607.5087
2023-02-18 11:00:00,895.5593220338983,783.42694
2023-02-18 12:00:00,628.2459016393443,860.883
2023-02-18 13:00:00,253.35593220338984,650.1292
2023-02-18 14:00:00,572.7049180327868,381.32974
2023-02-18 15:00:00,623.9322033898305,539.8598
2023-02-18 16:00:00,226.13114754098362,383.61337
2023-02-18 17:00:00,21.45762711864407,83.252945
2023-02-18 18:00:00,0.7377049180327869,-29.600124
2023-02-18 19:00:00,0.0,-6.355008
2023-02-18 20:00:00,0.0,19.232151
2023-02-18 21:00:00,0.0,23.505634
2023-02-18 22:00:00,0.0,3.2095368
2023-02-18 23:00:00,0.0,27.360615
2023-02-19 00:00:00,0.0,4.4022093
2023-02-19 01:00:00,0.0,26.962818
2023-02-19 02:00:00,0.0,14.914981
2023-02-19 03:00:00,0.0,12.066455
2023-02-19 04:00:00,0.0,11.191318
2023-02-19 05:00:00,0.0,22.558353
2023-02-19 06:00:00,0.4426229508196721,79.575165
2023-02-19 07:00:00,74.94915254237289,90.72247
2023-02-19 08:00:00,135.9344262295082,240.32877
2023-02-19 09:00:00,348.91525423728814,299.98303
2023-02-19 10:00:00,516.360655737705,511.2992
2023-02-19 11:00:00,792.728813559322,610.1627
2023-02-19 12:00:00,955.4590163934427,775.802
2023-02-19 13:00:00,759.457627118644,878.8761
2023-02-19 14:00:00,358.4590163934426,690.9216
2023-02-19 15:00:00,300.89830508474574,411.93723
2023-02-19 16:00:00,66.34426229508196,272.09128
2023-02-19 17:00:00,14.559322033898304,-38.416546
2023-02-19 18:00:00,3.819672131147541,4.8921843
2023-02-19 19:00:00,0.0,7.25838
2023-02-19 20:00:00,0.0,9.138034
2023-02-19 21:00:00,0.0,11.621127
2023-02-19 22:00:00,0.0,4.927356
2023-02-19 23:00:00,0.0,19.567066
2023-02-20 00:00:00,0.0,12.661487
2023-02-20 01:00:00,0.0,6.1592436
2023-02-20 02:00:00,0.0,13.200488
2023-02-20 03:00:00,0.0,8.944781
2023-02-20 04:00:00,0.0,13.946536
2023-02-20 05:00:00,0.0,56.678562
2023-02-20 06:00:00,0.3114754098360656,82.497925
2023-02-20 07:00:00,54.101694915254235,88.95636
2023-02-20 08:00:00,164.0,200.66132
2023-02-20 09:00:00,294.271186440678,344.0256
2023-02-20 10:00:00,677.016393442623,453.4001
2023-02-20 11:00:00,1007.1694915254237,752.223
2023-02-20 12:00:00,956.7049180327868,958.94464
2023-02-20 13:00:00,964.4406779661017,917.07837
2023-02-20 14:00:00,745.3770491803278,867.8586
2023-02-20 15:00:00,638.2881355932203,654.9058
2023-02-20 16:00:00,306.55737704918033,499.64606
2023-02-20 17:00:00,56.23728813559322,181.47581
2023-02-20 18:00:00,27.475409836065573,38.566456
2023-02-20 19:00:00,0.576271186440678,20.273838
2023-02-20 20:00:00,0.0,-0.8526123
2023-02-20 21:00:00,0.0,18.339146
2023-02-20 22:00:00,0.0,-2.5169952
2023-02-20 23:00:00,0.0,22.360859
2023-02-21 00:00:00,0.0,10.55997
2023-02-21 01:00:00,0.0,12.682559
2023-02-21 02:00:00,0.0,15.105731
2023-02-21 03:00:00,0.0,7.388873
2023-02-21 04:00:00,0.0,10.447223
2023-02-21 05:00:00,0.0,14.452914
2023-02-21 06:00:00,0.14754098360655737,58.328846
2023-02-21 07:00:00,28.915254237288135,76.91446
2023-02-21 08:00:00,133.0,149.25954
2023-02-21 09:00:00,256.9491525423729,315.9412
2023-02-21 10:00:00,478.9344262295082,427.75458
2023-02-21 11:00:00,818.8983050847457,601.22546
2023-02-21 12:00:00,1041.1311475409836,818.1117
2023-02-21 13:00:00,751.5593220338983,957.0947
2023-02-21 14:00:00,589.344262295082,731.9742
2023-02-21 15:00:00,270.8305084745763,575.3727
2023-02-21 16:00:00,215.80357142857142,221.14117
2023-02-25 19:00:00,0.0,119.116005
2023-02-25 20:00:00,0.0,-12.414456
2023-02-25 21:00:00,0.0,7.916995
2023-02-25 22:00:00,0.0,13.4629545
2023-02-25 23:00:00,0.0,21.017551
2023-02-26 00:00:00,0.0,-0.520459
2023-02-26 01:00:00,0.0,9.101596
2023-02-26 02:00:00,0.0,12.986941
2023-02-26 03:00:00,0.0,19.280201
2023-02-26 04:00:00,0.0,3.0074189
2023-02-26 05:00:00,0.0,10.525424
2023-02-26 06:00:00,1.0819672131147542,9.527179
2023-02-26 07:00:00,61.50847457627118,27.840046
2023-02-26 08:00:00,132.78688524590163,214.7699
2023-02-26 09:00:00,453.79661016949154,301.53833
2023-02-26 10:00:00,826.4754098360655,607.81036
2023-02-26 11:00:00,959.0847457627119,853.7021
2023-02-26 12:00:00,1009.4098360655738,925.29395
2023-02-26 13:00:00,1011.9830508474577,948.5056
2023-02-26 14:00:00,840.4426229508197,919.2635
2023-02-26 15:00:00,741.5084745762712,727.4149
2023-02-26 16:00:00,543.5573770491803,565.91406
2023-02-26 17:00:00,305.864406779661,343.54532
2023-02-26 18:00:00,87.44262295081967,117.41732
2023-02-26 19:00:00,1.0,12.901172
2023-02-26 20:00:00,0.0,-4.9139376
2023-02-26 21:00:00,0.0,17.143772
2023-02-26 22:00:00,0.0,10.326266
2023-02-26 23:00:00,0.0,18.924091
2023-02-27 00:00:00,0.0,14.197223
2023-02-27 01:00:00,0.0,7.202838
2023-02-27 02:00:00,0.0,19.368427
2023-02-27 03:00:00,0.0,12.380206
2023-02-27 04:00:00,0.0,10.944812
2023-02-27 05:00:00,0.0,11.450381
2023-02-27 06:00:00,3.0327868852459017,13.119098
2023-02-27 07:00:00,70.32203389830508,57.937595
2023-02-27 08:00:00,190.44262295081967,230.49579
2023-02-27 09:00:00,303.49152542372883,370.18707
2023-02-27 10:00:00,495.37704918032784,455.271
2023-02-27 11:00:00,928.542372881356,605.99286
2023-02-27 12:00:00,820.8032786885246,892.4463
2023-02-27 13:00:00,899.2881355932203,781.3999
2023-02-27 14:00:00,946.4262295081967,782.86053
2023-02-27 15:00:00,504.03389830508473,797.8741
2023-02-27 16:00:00,59.77049180327869,346.70663
2023-02-27 17:00:00,52.3728813559322,67.17711
2023-02-27 18:00:00,15.754098360655737,63.40862
2023-02-27 19:00:00,0.05084745762711865,2.031604
2023-02-27 20:00:00,0.0,-27.102596
2023-02-27 21:00:00,0.0,6.1427946
2023-02-27 22:00:00,0.0,0.1848785
2023-02-27 23:00:00,0.0,3.636081
2023-02-28 00:00:00,0.0,20.331242
2023-02-28 01:00:00,0.0,8.115451
2023-02-28 02:00:00,0.0,8.418353
2023-02-28 03:00:00,0.0,-5.490918
2023-02-28 04:00:00,0.0,15.80701
2023-02-28 05:00:00,0.0,50.99576
2023-02-28 06:00:00,1.2295081967213115,62.47402
2023-02-28 07:00:00,65.20338983050847,85.04114
2023-02-28 08:00:00,288.8360655737705,221.90619
2023-02-28 09:00:00,307.23728813559325,482.51773
2023-02-28 10:00:00,421.5409836065574,442.2267
2023-02-28 11:00:00,550.8644067796611,544.0732
2023-02-28 12:00:00,312.88524590163934,615.5861
2023-02-28 13:00:00,309.4406779661017,398.5963
2023-02-28 14:00:00,537.1967213114754,387.70587
2023-02-28 15:00:00,763.5254237288135,449.957
2023-02-28 16:00:00,250.1639344262295,494.32516
2023-02-28 17:00:00,157.20338983050848,137.42221
2023-02-28 18:00:00,37.19672131147541,58.632557
2023-02-28 19:00:00,0.2711864406779661,8.736331
2023-02-28 20:00:00,0.0,-21.557323
2023-02-28 21:00:00,0.0,-13.133817
2023-02-28 22:00:00,0.0,28.069248
2023-02-28 23:00:00,0.0,-0.3888062
2023-03-01 00:00:00,0.0,-7.4521456
